City_ID,City,Country,Date,Lat,Lng,Max Temp,Humidity,Cloudiness,Wind Speed
0,Ayr,GB,2022-08-07 02:50:52,55.4627,-4.6339,60.31,77,100,17.27
1,Ushuaia,AR,2022-08-07 02:48:54,-54.8,-68.3,33.46,80,0,1.14
2,Kirakira,SB,2022-08-07 02:50:52,-10.4544,161.9205,84.96,71,56,10.63
3,Punta Arenas,CL,2022-08-07 02:50:53,-53.15,-70.9167,35.71,93,100,5.75
4,Pangai,TO,2022-08-07 02:50:53,-19.8,-174.35,77.09,84,7,19.08
5,Caluquembe,AO,2022-08-07 02:50:53,-13.7833,14.6833,55.62,38,0,3.51
6,Oktyabrskoye,RU,2022-08-07 02:50:54,43.0645,44.7417,64.54,93,83,2.24
7,Puerto Ayora,EC,2022-08-07 02:50:54,-0.7393,-90.3518,67.55,98,84,5.01
8,Karaton,ID,2022-08-07 02:50:54,-6.3424,106.1045,84.69,61,2,1.48
9,Jamestown,US,2022-08-07 02:47:24,42.097,-79.2353,73.18,55,3,4.38
10,New Norfolk,AU,2022-08-07 02:50:55,-42.7826,147.0587,51.89,61,93,1.99
11,Tuatapere,NZ,2022-08-07 02:50:55,-46.1333,167.6833,41.13,73,100,5.77
12,Barrow,US,2022-08-07 02:50:56,71.2906,-156.7887,39.22,75,100,10.36
13,Tahta,EG,2022-08-07 02:50:56,26.7693,31.5021,81.54,36,21,9.57
14,Bairiki,KI,2022-08-07 02:50:56,1.3292,172.9752,86.0,70,40,10.36
15,Vaini,TO,2022-08-07 02:50:56,-21.2,-175.2,80.76,89,20,6.91
16,Kavaratti,IN,2022-08-07 02:50:57,10.5669,72.642,80.65,82,100,24.2
17,Suntar,RU,2022-08-07 02:50:57,62.1444,117.6319,58.82,63,100,6.49
18,Albany,US,2022-08-07 02:49:35,42.6001,-73.9662,79.36,91,20,3.98
19,Shanhetun,CN,2022-08-07 02:50:58,44.7,127.2,69.91,97,100,7.38
20,Chokwe,MZ,2022-08-07 02:50:58,-24.5333,32.9833,65.57,69,100,5.77
21,Los Llanos De Aridane,ES,2022-08-07 02:50:58,28.6585,-17.9182,67.75,78,100,14.97
22,Kirksville,US,2022-08-07 02:50:59,40.1948,-92.5833,83.05,86,0,5.75
23,Hollola,FI,2022-08-07 02:50:59,61.05,25.4333,50.49,88,6,8.39
24,Atkarsk,RU,2022-08-07 02:50:59,51.8718,45.0078,69.12,54,4,6.82
25,Mount Gambier,AU,2022-08-07 02:51:00,-37.8333,140.7667,51.75,56,100,4.43
26,Eyl,SO,2022-08-07 02:51:00,7.9803,49.8164,76.05,62,56,21.79
27,Asau,RO,2022-08-07 02:49:15,46.4333,26.4,68.95,93,25,5.53
28,Butaritari,KI,2022-08-07 02:51:01,3.0707,172.7902,82.36,75,84,14.97
29,Hilo,US,2022-08-07 02:47:18,19.7297,-155.09,86.29,77,0,12.66
30,Arraial Do Cabo,BR,2022-08-07 02:51:01,-22.9661,-42.0278,71.46,73,75,12.66
31,Thompson,CA,2022-08-07 02:51:01,55.7435,-97.8558,62.76,63,40,3.44
32,Majene,ID,2022-08-07 02:51:02,-3.5403,118.9707,82.2,67,87,8.01
33,Abu Samrah,SY,2022-08-07 02:51:02,35.3029,37.1841,72.32,73,0,14.12
34,Cidreira,BR,2022-08-07 02:51:02,-30.1811,-50.2056,55.17,84,100,13.44
35,Qaanaaq,GL,2022-08-07 02:51:03,77.484,-69.3632,37.49,67,10,2.66
36,Mahebourg,MU,2022-08-07 02:51:03,-20.4081,57.7,68.29,88,40,5.75
37,Tasiilaq,GL,2022-08-07 02:51:03,65.6145,-37.6368,41.36,92,100,21.5
38,Dosso,NE,2022-08-07 02:51:04,13.049,3.1937,77.94,76,12,10.36
39,Tiksi,RU,2022-08-07 02:46:36,71.6872,128.8694,43.45,79,100,17.25
40,Petropavlovsk-Kamchatskiy,RU,2022-08-07 02:51:04,53.0452,158.6483,59.59,72,75,6.71
41,Bintulu,MY,2022-08-07 02:51:04,3.1667,113.0333,84.61,74,20,5.99
42,Hermanus,ZA,2022-08-07 02:51:05,-34.4187,19.2345,56.8,84,92,18.52
43,Dikson,RU,2022-08-07 02:51:05,73.5069,80.5464,41.02,97,100,9.15
44,Bredasdorp,ZA,2022-08-07 02:47:14,-34.5322,20.0403,57.13,83,100,22.03
45,Flinders,AU,2022-08-07 02:51:05,-34.5833,150.8552,65.17,53,25,5.01
46,Busselton,AU,2022-08-07 02:51:06,-33.65,115.3333,57.76,64,3,8.9
47,Carnarvon,AU,2022-08-07 02:52:06,-24.8667,113.6333,66.97,50,0,14.45
48,Gdov,RU,2022-08-07 02:52:07,58.7406,27.8122,58.06,77,6,8.75
49,Luwuk,ID,2022-08-07 02:52:07,-0.9516,122.7875,83.77,70,98,5.41
50,Faanui,PF,2022-08-07 02:52:07,-16.4833,-151.75,77.7,73,92,26.22
51,Ilulissat,GL,2022-08-07 02:52:08,69.2167,-51.1,37.31,97,96,4.92
52,Klyuchi,RU,2022-08-07 02:52:08,52.2667,79.1667,72.79,35,6,3.47
53,Ussel,FR,2022-08-07 02:52:08,45.55,2.3167,54.68,73,0,5.32
54,Teya,RU,2022-08-07 02:52:09,60.3778,92.6267,67.32,59,99,3.13
55,Rikitea,PF,2022-08-07 02:52:09,-23.1203,-134.9692,69.71,66,100,23.17
56,Georgetown,MY,2022-08-07 02:50:57,5.4112,100.3354,85.89,78,20,5.99
57,Salalah,OM,2022-08-07 02:52:09,17.0151,54.0924,76.46,96,100,7.76
58,Alekseyevka,RU,2022-08-07 02:52:10,50.6309,38.6903,65.57,52,1,6.38
59,Bluff,NZ,2022-08-07 02:52:10,-46.6,168.3333,41.81,53,99,14.43
60,Fallon,US,2022-08-07 02:52:10,39.4735,-118.7774,89.47,24,0,8.05
61,Kieta,PG,2022-08-07 02:52:11,-6.2167,155.6333,84.85,69,95,6.87
62,Mataura,NZ,2022-08-07 02:52:11,-46.1927,168.8643,41.49,93,100,4.0
63,Russell,US,2022-08-07 02:52:11,32.3502,-85.1999,79.83,88,75,0.0
64,San Javier,ES,2022-08-07 02:51:42,37.8063,-0.8374,77.13,78,0,2.3
65,Lavrentiya,RU,2022-08-07 02:52:12,65.5833,-171.0,49.17,74,92,8.72
66,Cururupu,BR,2022-08-07 02:52:12,-1.8283,-44.8683,73.89,91,94,4.23
67,Bethel,US,2022-08-07 02:52:12,41.3712,-73.414,79.65,87,38,3.8
68,Avarua,CK,2022-08-07 02:49:09,-21.2078,-159.775,77.05,61,20,20.71
69,Pangnirtung,CA,2022-08-07 02:52:13,66.1451,-65.7125,43.25,90,98,1.68
70,Castro,BR,2022-08-07 02:52:13,-24.7911,-50.0119,52.63,97,100,6.53
71,Aklavik,CA,2022-08-07 02:52:14,68.2191,-135.0107,48.78,76,55,16.44
72,Talmenka,RU,2022-08-07 02:52:14,53.8183,83.5677,71.38,51,5,4.14
73,Shipitsyno,RU,2022-08-07 02:52:14,61.2806,46.5208,66.6,73,11,6.91
74,Tsevie,TG,2022-08-07 02:52:15,6.4261,1.2133,69.55,91,7,4.76
75,Alvaraes,BR,2022-08-07 02:52:15,-3.2208,-64.8042,76.71,78,77,2.1
76,Provideniya,RU,2022-08-07 02:52:15,64.3833,-173.3,50.63,89,72,11.18
77,Ndele,CF,2022-08-07 02:52:16,8.4109,20.6473,69.15,98,100,1.28
78,Naliya,IN,2022-08-07 02:52:16,23.2667,68.8333,84.54,76,91,7.14
79,Byron Bay,AU,2022-08-07 02:52:16,-28.65,153.6167,67.71,38,0,7.2
80,Cape Town,ZA,2022-08-07 02:52:17,-33.9258,18.4232,56.1,81,0,8.05
81,San Cristobal,VE,2022-08-07 02:52:17,7.7669,-72.225,69.98,92,97,2.21
82,Jalu,LY,2022-08-07 02:52:18,29.0331,21.5482,76.75,57,0,8.59
83,Sawakin,SD,2022-08-07 02:52:18,19.1059,37.3321,87.08,61,97,12.08
84,Klichka,RU,2022-08-07 02:52:18,50.4457,117.996,62.78,45,0,17.85
85,Hobart,AU,2022-08-07 02:52:19,-42.8794,147.3294,52.23,76,40,6.91
86,Mar Del Plata,AR,2022-08-07 02:48:08,-38.0023,-57.5575,47.08,77,100,1.99
87,Port Alfred,ZA,2022-08-07 02:52:19,-33.5906,26.891,57.18,95,100,5.01
88,Upernavik,GL,2022-08-07 02:52:19,72.7868,-56.1549,39.88,88,32,12.35
89,Souillac,MU,2022-08-07 02:52:20,-20.5167,57.5167,68.38,88,40,5.75
90,Cairns,AU,2022-08-07 02:52:20,-16.9167,145.7667,86.11,57,75,11.5
91,Zhongshan,CN,2022-08-07 02:52:20,21.3226,110.5829,85.59,77,98,14.41
92,Esperance,AU,2022-08-07 02:53:21,-33.8667,121.9,61.29,59,68,19.35
93,Dawei,MM,2022-08-07 02:53:21,14.0833,98.2,77.5,93,100,8.59
94,Atuona,PF,2022-08-07 02:53:21,-9.8,-139.0333,77.0,76,28,18.57
95,Kapaa,US,2022-08-07 02:53:22,22.0752,-159.319,83.12,78,61,3.0
96,Geraldton,AU,2022-08-07 02:53:22,-28.7667,114.6,68.41,68,75,4.61
97,Veraval,IN,2022-08-07 02:53:22,20.9,70.3667,82.49,82,100,8.55
98,Lebu,CL,2022-08-07 02:53:23,-37.6167,-73.65,48.7,94,100,4.5
99,Ponta Do Sol,PT,2022-08-07 02:53:23,32.6667,-17.1,72.01,81,0,5.88
100,Springdale,US,2022-08-07 02:53:23,36.1867,-94.1288,84.07,72,0,5.75
101,Tukrah,LY,2022-08-07 02:53:24,32.5341,20.5791,78.62,78,0,6.91
102,Port-Gentil,GA,2022-08-07 02:51:49,-0.7193,8.7815,73.2,83,100,13.02
103,Maumere,ID,2022-08-07 02:53:24,-8.6199,122.2111,81.99,67,40,3.44
104,Hofn,IS,2022-08-07 02:53:24,64.2539,-15.2082,52.34,88,78,2.98
105,Hasaki,JP,2022-08-07 02:53:25,35.7333,140.8333,88.29,80,36,10.45
106,Erenhot,CN,2022-08-07 02:53:25,43.6475,111.9767,76.14,45,8,14.81
107,Lodja,CD,2022-08-07 02:53:25,-3.4833,23.4333,73.8,59,54,0.72
108,Kasongo,CD,2022-08-07 02:53:26,-4.45,26.6667,76.8,42,78,3.38
109,Grindavik,IS,2022-08-07 02:49:17,63.8424,-22.4338,49.95,100,100,9.22
110,Salima,MW,2022-08-07 02:53:26,-13.7804,34.4587,66.13,55,0,7.31
111,Aranda De Duero,ES,2022-08-07 02:50:35,41.6704,-3.6892,67.96,59,3,5.59
112,Springbok,ZA,2022-08-07 02:53:27,-29.6643,17.8865,48.87,36,89,8.46
113,Lata,PT,2022-08-07 02:53:27,40.1629,-8.3327,59.86,94,0,1.86
114,Liepaja,LV,2022-08-07 02:53:27,56.5419,21.0367,62.58,72,40,1.14
115,Mount Isa,AU,2022-08-07 02:53:27,-20.7333,139.5,73.17,21,6,12.66
116,Barinas,VE,2022-08-07 02:53:28,8.6226,-70.2075,73.44,100,83,1.14
117,Moron,AR,2022-08-07 02:53:28,-34.6534,-58.6198,53.96,85,100,9.33
118,Newport News,US,2022-08-07 02:50:58,36.9788,-76.428,82.38,78,0,8.05
119,Namatanai,PG,2022-08-07 02:53:29,-3.6667,152.4333,82.45,74,100,6.55
120,Independence,US,2022-08-07 02:52:46,39.0911,-94.4155,90.39,64,0,10.36
121,Airai,TL,2022-08-07 02:53:29,-8.9266,125.4092,75.49,40,19,5.14
122,Broome,US,2022-08-07 02:53:29,42.2506,-75.833,77.36,86,42,1.01
123,Mandalgovi,MN,2022-08-07 02:53:30,45.7625,106.2708,65.23,42,98,10.2
124,Nikolskoye,RU,2022-08-07 02:53:30,59.7035,30.7861,56.8,94,100,5.48
125,Akyab,MM,2022-08-07 02:53:30,20.15,92.9,83.68,79,91,15.05
126,Kodiak,US,2022-08-07 02:53:31,57.79,-152.4072,57.06,63,67,10.83
127,Saskylakh,RU,2022-08-07 02:53:31,71.9167,114.0833,53.4,56,100,10.4
128,Waingapu,ID,2022-08-07 02:53:31,-9.6567,120.2641,83.21,58,11,8.5
129,Ndioum,SN,2022-08-07 02:53:32,16.5129,-14.6471,85.44,64,54,11.34
130,San Francisco,US,2022-08-07 02:52:11,37.7749,-122.4194,70.99,77,20,18.41
131,Calabozo,VE,2022-08-07 02:53:32,8.9242,-67.4293,73.9,88,1,0.07
132,Iqaluit,CA,2022-08-07 02:53:33,63.7506,-68.5145,53.33,66,75,10.36
133,Nizhniy Kuranakh,RU,2022-08-07 02:53:33,58.8353,125.4869,56.95,85,100,1.48
134,Sur,OM,2022-08-07 02:49:25,22.5667,59.5289,87.51,61,37,2.04
135,Wewak,PG,2022-08-07 02:53:34,-3.5534,143.6268,83.8,72,63,5.12
136,Kuyanovo,RU,2022-08-07 02:53:34,55.8014,54.5372,68.81,65,88,2.1
137,Okha,RU,2022-08-07 02:54:34,53.5739,142.9478,59.2,90,100,15.7
138,Kidal,ML,2022-08-07 02:54:35,18.4411,1.4078,86.97,39,94,9.24
139,Whitianga,NZ,2022-08-07 02:54:35,-36.8333,175.7,59.04,90,100,6.4
140,Vila Velha,BR,2022-08-07 02:54:35,-20.3297,-40.2925,68.95,89,20,3.44
141,Sohag,EG,2022-08-07 02:54:36,26.557,31.6948,82.69,35,12,11.99
142,Santiago Del Estero,AR,2022-08-07 02:54:36,-27.7951,-64.2615,54.12,53,0,7.05
143,Saint-Augustin,CA,2022-08-07 02:54:36,51.226,-58.6502,65.08,57,100,16.33
144,Rio Cuarto,AR,2022-08-07 02:51:00,-33.1307,-64.3499,47.97,61,40,6.91
145,Ciudad Bolivar,VE,2022-08-07 02:54:37,8.1222,-63.5497,81.19,70,45,8.68
146,Hualmay,PE,2022-08-07 02:54:37,-11.0964,-77.6139,61.47,85,88,11.25
147,College,US,2022-08-07 02:51:48,64.8569,-147.8028,60.75,80,75,10.36
148,Vardo,NO,2022-08-07 02:54:38,70.3705,31.1107,49.98,93,100,23.02
149,Palmer,US,2022-08-07 02:54:39,42.1584,-72.3287,80.15,75,20,8.05
150,Coffs Harbour,AU,2022-08-07 02:54:39,-30.3,153.1333,66.16,34,16,12.66
151,Husavik,IS,2022-08-07 02:54:40,66.0449,-17.3389,51.8,87,79,5.99
152,Xuddur,SO,2022-08-07 02:54:40,4.1213,43.8894,66.2,81,53,18.68
153,Grande Prairie,CA,2022-08-07 02:52:27,55.1667,-118.8027,71.78,49,40,23.02
154,Codrington,AU,2022-08-07 02:54:41,-38.2667,141.9667,52.68,57,97,6.35
155,Vao,NC,2022-08-07 02:54:41,-22.6667,167.4833,74.95,78,16,10.87
156,Yumen,CN,2022-08-07 02:54:41,40.2833,97.2,75.38,33,100,13.98
157,Makat,KZ,2022-08-07 02:54:42,47.6469,53.3463,79.3,23,0,12.59
158,Nemuro,JP,2022-08-07 02:54:42,43.3236,145.575,64.38,91,100,14.65
159,Port Hawkesbury,CA,2022-08-07 02:54:42,45.6169,-61.3485,71.96,96,0,3.0
160,Srednekolymsk,RU,2022-08-07 02:54:43,67.45,153.6833,60.85,47,94,11.81
161,Zunyi,CN,2022-08-07 02:54:43,27.6867,106.9072,75.34,82,78,7.16
162,Hamilton,US,2022-08-07 02:51:44,39.1834,-84.5333,76.91,92,0,6.91
163,Bonthe,SL,2022-08-07 02:54:43,7.5264,-12.505,76.1,84,100,9.84
164,Shar,KZ,2022-08-07 02:54:44,49.5886,81.0453,69.93,36,27,13.06
165,Kindu,CD,2022-08-07 02:53:54,-2.95,25.95,70.36,79,80,2.68
166,Abu Dhabi,AE,2022-08-07 02:50:51,24.4667,54.3667,91.51,55,0,4.61
167,Ribeira Grande,PT,2022-08-07 02:54:44,38.5167,-28.7,74.93,84,27,13.47
168,Ponta Delgada,PT,2022-08-07 02:54:45,37.7333,-25.6667,72.32,94,40,4.61
169,Takoradi,GH,2022-08-07 02:54:45,4.8845,-1.7554,71.69,87,1,5.14
170,Dartford,GB,2022-08-07 02:54:45,51.4435,0.2196,60.3,79,37,0.94
171,Rundu,NA,2022-08-07 02:54:46,-17.9333,19.7667,56.93,42,2,3.15
172,Bay City,US,2022-08-07 02:52:08,43.5945,-83.8889,82.62,78,20,6.91
173,Verkhoyansk,RU,2022-08-07 02:50:41,67.5447,133.385,58.42,82,100,3.74
174,Shimoda,JP,2022-08-07 02:54:19,34.6667,138.95,80.1,75,64,4.59
175,Espumoso,BR,2022-08-07 02:54:46,-28.7247,-52.8497,51.01,96,100,6.69
176,Tuktoyaktuk,CA,2022-08-07 02:54:47,69.4541,-133.0374,48.2,93,100,17.27
177,Qiongshan,CN,2022-08-07 02:54:47,20.0058,110.3542,85.98,79,40,4.47
178,Sandwick,GB,2022-08-07 02:54:47,60.0,-1.25,55.22,100,75,18.41
179,Upata,VE,2022-08-07 02:54:48,8.0086,-62.3989,77.2,92,4,3.47
180,Fairbanks,US,2022-08-07 02:50:41,64.8378,-147.7164,60.76,81,75,10.36
181,Port Elizabeth,ZA,2022-08-07 02:54:48,-33.918,25.5701,58.1,93,100,17.27
182,Bull Savanna,JM,2022-08-07 02:55:48,17.8868,-77.5902,77.32,84,99,9.75
183,Plettenberg Bay,ZA,2022-08-07 02:55:49,-34.0527,23.3716,56.32,88,48,14.03
184,Cherskiy,RU,2022-08-07 02:55:49,68.75,161.3,45.82,56,34,19.19
185,Chuy,UY,2022-08-07 02:55:50,-33.6971,-53.4616,47.64,84,100,5.73
186,Kamenka,RU,2022-08-07 02:55:50,51.3223,42.7678,70.56,45,91,8.41
187,Morgan Hill,US,2022-08-07 02:55:50,37.1305,-121.6544,71.31,56,0,9.22
188,Cayenne,GF,2022-08-07 02:53:44,4.9333,-52.3333,79.09,1,0,0.0
189,Ilhabela,BR,2022-08-07 02:55:51,-23.7781,-45.3581,66.97,91,100,8.37
190,Kruisfontein,ZA,2022-08-07 02:55:51,-34.0033,24.7314,55.89,90,100,15.95
191,Fereydun Kenar,IR,2022-08-07 02:55:51,36.6864,52.5225,80.82,78,75,4.61
192,Torbay,CA,2022-08-07 02:55:52,47.6666,-52.7314,64.27,89,40,11.5
193,Katsuura,JP,2022-08-07 02:55:52,35.1333,140.3,83.12,78,35,10.07
194,Khatanga,RU,2022-08-07 02:55:53,71.9667,102.5,60.87,71,100,10.2
195,Whyalla,AU,2022-08-07 02:55:53,-33.0333,137.5833,56.98,54,5,7.2
196,Yellowknife,CA,2022-08-07 02:55:53,62.456,-114.3525,61.32,82,75,6.91
197,Neuquen,AR,2022-08-07 02:55:54,-38.9516,-68.0591,39.09,93,100,6.91
198,Paita,PE,2022-08-07 02:55:54,-5.0892,-81.1144,62.98,84,22,14.52
199,Nioro,GM,2022-08-07 02:55:54,13.35,-15.75,75.25,96,100,3.56
200,Sassandra,CI,2022-08-07 02:55:55,4.95,-6.0833,71.56,81,50,5.46
201,Lorengau,PG,2022-08-07 02:55:55,-2.0226,147.2712,84.38,69,88,7.11
202,Olinda,BR,2022-08-07 02:55:55,-8.0089,-34.8553,76.73,83,40,10.36
203,Wanning,CN,2022-08-07 02:55:56,18.8003,110.3967,85.69,74,100,5.82
204,Pevek,RU,2022-08-07 02:55:56,69.7008,170.3133,31.05,93,100,14.83
205,Rio Pomba,BR,2022-08-07 02:55:56,-21.2747,-43.1792,62.74,94,85,0.96
206,Hirado,JP,2022-08-07 02:55:57,33.3597,129.5531,87.39,79,22,9.98
207,Brigantine,US,2022-08-07 02:55:57,39.4101,-74.3646,78.15,88,97,14.12
208,Smithers,CA,2022-08-07 02:55:57,54.7804,-127.1743,68.32,60,75,4.61
209,Valparaiso,CL,2022-08-07 02:51:46,-33.0393,-71.6273,53.47,100,100,3.44
210,Campbell River,CA,2022-08-07 02:55:58,50.0163,-125.2446,82.78,34,20,8.05
211,Maceio,BR,2022-08-07 02:55:58,-9.6658,-35.7353,72.84,88,20,3.44
212,Tomar,PT,2022-08-07 02:55:58,39.602,-8.4092,66.33,96,1,0.4
213,Nantucket,US,2022-08-07 02:55:10,41.2835,-70.0995,78.91,94,0,19.04
214,Kaitangata,NZ,2022-08-07 02:55:59,-46.2817,169.8464,37.31,95,100,5.41
215,Hithadhoo,MV,2022-08-07 02:55:59,-0.6,73.0833,82.49,71,100,11.52
216,Paamiut,GL,2022-08-07 02:56:00,61.994,-49.6678,41.09,94,28,13.6
217,Vodnyy,RU,2022-08-07 02:56:00,63.5046,53.4095,70.47,61,0,5.77
218,Gambela,ET,2022-08-07 02:56:00,8.25,34.5833,67.17,97,79,2.73
219,Saint Anthony,US,2022-08-07 02:56:01,45.0205,-93.218,71.65,92,100,5.75
220,Bin Qirdan,TN,2022-08-07 02:56:01,33.1378,11.2197,81.3,66,0,7.14
221,Conakry,GN,2022-08-07 02:56:01,9.538,-13.6773,74.68,96,100,5.57
222,Sitka,US,2022-08-07 02:56:01,57.0531,-135.33,58.89,88,100,13.8
223,Pachino,IT,2022-08-07 02:56:02,36.7186,15.0907,80.06,64,0,1.72
224,Nagua,DO,2022-08-07 02:56:02,19.3832,-69.8474,77.86,90,55,7.16
225,Ritchie,ZA,2022-08-07 02:54:14,-29.038,24.6028,54.61,41,60,7.81
226,Wenling,CN,2022-08-07 02:56:03,28.3669,121.36,87.78,71,17,15.86
227,Murray Bridge,AU,2022-08-07 02:57:03,-35.1167,139.2667,60.12,62,25,7.05
228,Zhezkazgan,KZ,2022-08-07 02:57:03,47.8043,67.7144,69.78,37,0,17.9
229,Viedma,AR,2022-08-07 02:57:04,-40.8135,-62.9967,43.12,75,100,6.58
230,Melito Di Porto Salvo,IT,2022-08-07 02:57:04,37.9222,15.7714,82.9,69,0,12.66
231,Ha Tinh,VN,2022-08-07 02:57:05,18.3333,105.9,77.25,96,100,1.25
232,Bilma,NE,2022-08-07 02:57:05,18.6853,12.9164,91.09,32,100,8.57
233,Christiana,ZA,2022-08-07 02:57:05,-27.914,25.1611,55.27,36,76,8.86
234,Leningradskiy,RU,2022-08-07 02:57:06,69.3833,178.4167,35.24,99,100,8.95
235,Lagoa,PT,2022-08-07 02:56:30,39.05,-27.9833,73.8,85,13,13.56
236,Banda Aceh,ID,2022-08-07 02:57:06,5.5577,95.3222,84.04,66,95,12.77
237,North Bend,US,2022-08-07 02:57:06,43.4065,-124.2243,63.91,94,100,6.91
238,Bambanglipuro,ID,2022-08-07 02:57:07,-7.95,110.2833,80.1,74,88,12.12
239,Kawasaki,JP,2022-08-07 02:55:13,35.5206,139.7172,88.02,76,75,5.01
240,Padang,ID,2022-08-07 02:57:07,-0.9492,100.3543,84.25,61,37,3.62
241,Grand Forks,US,2022-08-07 02:57:07,47.9417,-97.4337,59.79,61,51,7.63
242,Beringovskiy,RU,2022-08-07 02:57:08,63.05,179.3167,53.13,87,100,5.66
243,Khovu-Aksy,RU,2022-08-07 02:57:08,51.1333,93.6,64.51,34,4,2.13
244,Luderitz,NA,2022-08-07 02:57:08,-26.6481,15.1594,54.93,97,80,8.9
245,Emba,KZ,2022-08-07 02:57:09,48.8264,58.1442,73.49,41,2,12.95
246,Henties Bay,NA,2022-08-07 02:57:09,-22.116,14.2845,55.53,89,53,4.61
247,Tammisaari,FI,2022-08-07 02:57:10,59.9736,23.4339,54.9,86,2,10.8
248,Severo-Kurilsk,RU,2022-08-07 02:57:10,50.6789,156.125,56.23,73,100,5.17
249,Chokurdakh,RU,2022-08-07 02:57:10,70.6333,147.9167,53.13,44,96,9.82
250,Skibbereen,IE,2022-08-07 02:57:11,51.55,-9.2667,52.11,91,1,4.43
251,Leiyang,CN,2022-08-07 02:57:11,26.4024,112.8591,96.53,43,2,6.96
252,Surt,LY,2022-08-07 02:55:07,31.2089,16.5887,79.63,69,0,4.68
253,Inyonga,TZ,2022-08-07 02:57:11,-6.7167,32.0667,58.05,56,40,5.3
254,Mopti,ML,2022-08-07 02:57:12,14.6667,-4.0,84.51,61,56,9.75
255,Gornopravdinsk,RU,2022-08-07 02:57:12,60.05,69.9,69.57,58,62,5.08
256,Vysotsk,RU,2022-08-07 02:57:12,60.6288,28.5705,56.59,73,0,12.12
257,Pacific Grove,US,2022-08-07 02:53:28,36.6177,-121.9166,68.45,79,75,8.05
258,Coquimbo,CL,2022-08-07 02:57:13,-29.9533,-71.3436,55.13,87,75,5.75
259,Tunceli,TR,2022-08-07 02:57:13,39.1083,39.5471,72.7,42,0,5.19
260,Ossora,RU,2022-08-07 02:57:13,59.2353,163.0719,66.58,75,37,8.08
261,Hay River,CA,2022-08-07 02:57:14,60.8156,-115.7999,64.38,68,78,5.75
262,Saint-Philippe,RE,2022-08-07 02:57:14,-21.3585,55.7679,67.59,75,5,2.68
263,Santa Rosalia,MX,2022-08-07 02:57:14,27.3167,-112.2833,83.37,71,56,7.85
264,Fortuna,US,2022-08-07 02:57:15,40.5982,-124.1573,64.92,86,100,6.91
265,Yagodnoye,RU,2022-08-07 02:57:15,62.55,149.6667,72.7,46,55,5.61
266,Barcelona,ES,2022-08-07 02:56:13,41.3888,2.159,81.54,60,0,8.05
267,Elat,IL,2022-08-07 02:55:03,29.5581,34.9482,89.44,45,0,14.97
268,Stornoway,GB,2022-08-07 02:57:16,58.2093,-6.3865,57.16,95,100,11.5
269,Coahuayana,MX,2022-08-07 02:57:16,18.7333,-103.6833,75.27,95,100,3.56
270,Blagoyevo,RU,2022-08-07 02:57:16,63.3667,47.9167,68.56,67,33,7.29
271,Roald,NO,2022-08-07 02:57:17,62.5833,6.1333,56.75,82,100,8.05
272,Coihaique,CL,2022-08-07 02:55:19,-45.5752,-72.0662,36.21,69,75,0.0
273,Nenjiang,CN,2022-08-07 02:57:17,49.1833,125.2167,72.59,62,97,7.54
274,Omagari,JP,2022-08-07 02:58:17,39.45,140.4833,77.76,78,100,1.07
275,Vangaindrano,MG,2022-08-07 02:58:18,-23.35,47.6,63.25,93,5,4.09
276,Liverpool,GB,2022-08-07 02:58:18,53.4106,-2.9779,56.82,83,0,4.61
277,Charters Towers,AU,2022-08-07 02:58:18,-20.1,146.2667,77.18,38,44,11.25
278,Qaqortoq,GL,2022-08-07 02:58:19,60.7167,-46.0333,43.0,94,66,4.74
279,Joao Pinheiro,BR,2022-08-07 02:58:19,-17.7425,-46.1725,68.81,32,21,5.12
280,Kungurtug,RU,2022-08-07 02:58:19,50.5994,97.5228,62.29,34,0,1.7
281,Vila,PT,2022-08-07 02:58:20,42.0304,-8.1588,57.7,86,0,3.62
282,Ixtapa,MX,2022-08-07 02:58:20,20.7,-105.2,77.23,88,100,2.93
283,Miandrivazo,MG,2022-08-07 02:58:21,-19.5167,45.4667,63.23,68,0,1.95
284,Panzhihua,CN,2022-08-07 02:58:21,26.5851,101.7128,80.1,73,55,2.46
285,Belmonte,BR,2022-08-07 02:58:21,-15.8631,-38.8828,72.09,88,74,6.4
286,Alyangula,AU,2022-08-07 02:58:21,-13.8483,136.4192,82.74,60,0,14.07
287,Zheshart,RU,2022-08-07 02:58:22,62.0731,49.5733,68.67,69,0,5.03
288,Mirnyy,RU,2022-08-07 02:58:22,62.5353,113.9611,51.24,76,96,8.99
289,Tapes,BR,2022-08-07 02:58:23,-30.6733,-51.3958,54.01,85,100,6.29
290,Safford,US,2022-08-07 02:58:23,32.834,-109.7076,79.5,56,100,6.82
291,Kismayo,SO,2022-08-07 02:58:23,-0.3582,42.5454,74.43,78,75,16.67
292,Saint-Louis,SN,2022-08-07 02:58:24,16.3333,-15.0,85.28,64,78,11.74
293,Frederick,US,2022-08-07 02:58:24,39.4668,-77.3997,80.71,88,0,3.44
294,Sao Joao Da Barra,BR,2022-08-07 02:58:24,-21.6403,-41.0511,70.54,78,89,9.55
295,Kulhudhuffushi,MV,2022-08-07 02:58:25,6.6221,73.07,80.82,82,72,16.6
296,La Palma,US,2022-08-07 02:58:06,33.8464,-118.0467,91.09,58,0,5.01
297,Kuala Lipis,MY,2022-08-07 02:58:25,4.1842,102.0468,79.36,81,98,0.78
298,Cabo San Lucas,MX,2022-08-07 02:58:26,22.8909,-109.9124,85.51,76,82,0.98
299,Salta,AR,2022-08-07 02:58:26,-24.7859,-65.4117,55.99,75,20,6.91
300,Linjiang,CN,2022-08-07 02:58:26,41.8069,126.9078,78.42,79,100,3.69
301,Alice Springs,AU,2022-08-07 02:56:47,-23.7,133.8833,63.95,25,0,14.97
302,Bara,NG,2022-08-07 02:58:27,10.3744,10.7288,73.35,89,100,5.41
303,Yulara,AU,2022-08-07 02:58:27,-25.2406,130.9889,64.22,26,0,13.53
304,Sao Filipe,CV,2022-08-07 02:58:27,14.8961,-24.4956,78.24,86,93,2.06
305,Norman Wells,CA,2022-08-07 02:58:28,65.282,-126.8329,68.04,42,20,11.5
306,Ludvika,SE,2022-08-07 02:58:28,60.1496,15.1878,46.6,72,98,1.92
307,Xingyi,CN,2022-08-07 02:58:28,24.1877,102.817,68.47,85,95,4.72
308,Sungairaya,ID,2022-08-07 02:58:29,0.7,108.9,84.49,65,70,9.48
309,Bischofswerda,DE,2022-08-07 02:58:29,51.1277,14.1797,52.95,82,0,1.57
310,Narsaq,GL,2022-08-07 02:58:29,60.9167,-46.05,41.9,94,76,2.04
311,Beloha,MG,2022-08-07 02:58:30,-25.1667,45.05,60.73,91,37,2.98
312,Victoria,HK,2022-08-07 02:57:45,22.2855,114.1577,91.96,76,75,11.01
313,Raudeberg,NO,2022-08-07 02:58:30,61.9875,5.1352,51.96,70,100,12.39
314,Dawson Creek,CA,2022-08-07 02:54:44,55.7666,-120.2362,73.04,43,0,19.57
315,Vynohradivka,UA,2022-08-07 02:58:31,45.6812,28.5714,69.69,68,5,7.94
316,Petropavlovskaya,RU,2022-08-07 02:58:31,45.0819,40.4512,66.6,68,1,12.17
317,Nuuk,GL,2022-08-07 02:54:12,64.1835,-51.7216,39.33,93,100,7.49
318,Boksitogorsk,RU,2022-08-07 02:58:31,59.474,33.8485,53.83,97,100,3.22
319,Lindi,TZ,2022-08-07 02:58:32,-10.0,39.7167,62.47,95,61,4.63
320,Wajir,KE,2022-08-07 02:58:32,1.7471,40.0573,69.01,69,83,11.63
321,Hami,CN,2022-08-07 02:55:33,42.8,93.45,92.75,12,84,19.28
322,Half Moon Bay,US,2022-08-07 02:59:32,37.4636,-122.4286,70.79,75,0,12.66
323,Makakilo City,US,2022-08-07 02:59:33,21.3469,-158.0858,82.72,64,75,10.36
324,Asilah,MA,2022-08-07 02:59:33,35.465,-6.0348,73.36,87,11,2.39
325,Rio Branco,BR,2022-08-07 02:59:33,-9.9747,-67.81,75.81,88,0,3.44
326,Parsabad,IR,2022-08-07 02:59:34,39.6482,47.9174,76.75,65,32,13.06
327,East London,ZA,2022-08-07 02:59:34,-33.0153,27.9116,61.05,84,100,15.37
328,Avera,US,2022-08-07 02:59:34,33.194,-82.5271,74.71,81,15,2.24
329,Luanda,AO,2022-08-07 02:58:03,-8.8368,13.2343,66.2,88,75,3.44
330,Margate,GB,2022-08-07 02:59:35,51.3813,1.3862,57.31,67,42,1.72
331,Nelson Bay,AU,2022-08-07 02:55:06,-32.7167,152.15,64.0,58,13,7.0
332,Severo-Yeniseyskiy,RU,2022-08-07 02:59:35,60.3725,93.0408,63.03,60,100,4.85
333,Inhambane,MZ,2022-08-07 02:59:36,-23.865,35.3833,67.42,86,44,8.03
334,Sandpoint,US,2022-08-07 02:59:36,48.2766,-116.5533,77.14,50,0,0.0
335,Chapais,CA,2022-08-07 02:59:36,49.7834,-74.8492,73.18,90,100,15.39
336,Bend,US,2022-08-07 02:58:48,44.0582,-121.3153,81.68,22,0,8.05
337,Bowen,AU,2022-08-07 02:59:37,-20.0167,148.2333,71.13,86,100,2.64
338,Bingol,TR,2022-08-07 02:59:37,38.8847,40.4939,71.31,41,0,6.62
339,Maniitsoq,GL,2022-08-07 02:59:37,65.4167,-52.9,39.87,95,100,16.73
340,Tailai,CN,2022-08-07 02:59:38,46.3833,123.4,71.98,83,100,6.46
341,Huarmey,PE,2022-08-07 02:59:38,-10.0681,-78.1522,62.4,86,75,10.71
342,Vysokogornyy,RU,2022-08-07 02:59:38,50.1167,139.15,77.61,53,87,4.74
343,Mackay,AU,2022-08-07 02:59:39,-21.15,149.2,77.68,66,100,14.74
344,Limbuhan,PH,2022-08-07 02:59:39,11.8838,124.0501,76.28,91,100,4.83
345,Buala,SB,2022-08-07 02:59:39,-8.145,159.5921,87.08,63,29,6.31
346,Grove City,US,2022-08-07 02:59:09,39.8815,-83.093,77.68,89,40,4.61
347,Alekseyevsk,RU,2022-08-07 02:59:40,57.8406,108.3492,51.42,94,100,11.1
348,Resplendor,BR,2022-08-07 02:59:40,-19.3256,-41.2553,66.74,85,3,1.86
349,Bandarbeyla,SO,2022-08-07 02:59:41,9.4942,50.8122,76.32,71,25,26.75
350,Wuwei,CN,2022-08-07 02:59:41,37.9281,102.6414,81.55,45,95,5.99
351,Griffith,US,2022-08-07 02:59:41,41.5284,-87.4237,85.05,84,0,6.91
352,Gainesville,US,2022-08-07 02:59:42,29.6516,-82.3248,79.75,87,69,6.49
353,Meulaboh,ID,2022-08-07 02:59:42,4.1363,96.1285,82.31,69,88,3.09
354,Ziarat,PK,2022-08-07 02:59:42,30.3823,67.7282,68.43,45,13,3.31
355,Kenora,CA,2022-08-07 02:59:43,49.8167,-94.4337,58.17,67,75,4.61
356,Te Anau,NZ,2022-08-07 02:55:32,-45.4167,167.7167,37.9,91,99,6.02
357,General Pico,AR,2022-08-07 02:59:43,-35.6566,-63.7568,50.99,58,100,12.59
358,Alanya,TR,2022-08-07 02:59:43,36.5438,31.9998,78.06,80,0,4.32
359,Haines Junction,CA,2022-08-07 02:59:44,60.7522,-137.5108,57.15,51,100,9.22
360,Eldorado,BR,2022-08-07 02:59:44,-23.7869,-54.2836,59.86,96,100,7.27
361,Hosdurga,IN,2022-08-07 02:59:44,13.7981,76.2861,71.89,88,100,17.27
362,Dodge City,US,2022-08-07 02:59:45,37.7528,-100.0171,89.24,37,58,3.0
363,Atar,MR,2022-08-07 02:59:45,20.5169,-13.0499,91.29,34,100,1.88
364,Carauari,BR,2022-08-07 02:59:45,-4.8828,-66.8958,73.29,93,91,1.28
365,Gizo,SB,2022-08-07 02:59:46,-8.103,156.8419,84.67,71,21,11.48
366,Manacapuru,BR,2022-08-07 02:59:46,-3.2997,-60.6206,78.76,66,30,4.81
367,Alta Floresta,BR,2022-08-07 02:59:46,-9.8756,-56.0861,83.41,41,99,3.15
368,Deputatskiy,RU,2022-08-07 02:59:47,69.3,139.9,41.79,96,100,5.75
369,San Patricio,US,2022-08-07 03:00:47,28.017,-97.5169,84.88,74,84,13.47
370,Gushikawa,JP,2022-08-07 03:00:48,26.3544,127.8686,88.83,66,2,5.32
371,Ancud,CL,2022-08-07 03:00:48,-41.8697,-73.8203,42.22,81,100,8.63
372,Comodoro Rivadavia,AR,2022-08-07 02:58:47,-45.8667,-67.5,39.06,93,75,5.75
373,Kuah,MY,2022-08-07 03:00:49,6.3265,99.8432,81.63,78,97,2.1
374,Trairi,BR,2022-08-07 02:56:41,-3.2778,-39.2689,76.66,88,7,9.55
375,Shetpe,KZ,2022-08-07 03:00:49,44.1667,52.1167,77.11,54,99,3.69
376,Saldanha,ZA,2022-08-07 03:00:49,-33.0117,17.9442,55.65,70,54,8.97
377,Kalmunai,LK,2022-08-07 03:00:50,7.4167,81.8167,82.81,57,93,5.03
378,Okhotsk,RU,2022-08-07 03:00:50,59.3833,143.3,60.78,73,90,18.95
379,Opuwo,NA,2022-08-07 03:00:50,-18.0607,13.84,59.9,35,1,3.4
380,Macapa,BR,2022-08-07 03:00:28,0.0389,-51.0664,76.73,82,100,9.37
381,Suoyarvi,RU,2022-08-07 03:00:51,62.0833,32.35,51.01,89,100,9.24
382,Yuli,NG,2022-08-07 03:00:51,9.6989,10.2744,73.17,91,98,1.61
383,Morki,RU,2022-08-07 03:00:52,56.4303,48.9947,68.11,74,60,2.13
384,Galesong,ID,2022-08-07 03:00:52,-5.3166,119.3661,86.02,61,82,3.53
385,Yatou,CN,2022-08-07 03:00:53,37.15,122.3833,86.86,78,99,15.35
386,Mehamn,NO,2022-08-07 03:00:53,71.0357,27.8492,49.95,93,75,11.5
387,Whitehorse,CA,2022-08-07 02:57:10,60.7161,-135.0538,59.02,58,100,15.01
388,Laa,SL,2022-08-07 03:00:53,8.0797,-10.7732,70.7,99,100,2.04
389,Alofi,NU,2022-08-07 03:00:54,-19.0595,-169.9187,72.36,87,100,18.52
390,Slyudyanka,RU,2022-08-07 03:00:54,51.6594,103.7061,58.78,68,90,4.36
391,Leshukonskoye,RU,2022-08-07 03:00:55,64.8989,45.7622,69.19,68,0,9.1
392,Knysna,ZA,2022-08-07 03:00:55,-34.0363,23.0471,55.44,92,57,10.33
393,Concepcion,CL,2022-08-07 02:59:08,-36.827,-73.0498,49.8,100,100,1.14
394,Mecca,SA,2022-08-07 03:00:33,21.4267,39.8261,86.18,64,36,8.32
395,Quattro Castella,IT,2022-08-07 03:00:56,44.635,10.4743,72.88,67,46,2.8
396,Manadhoo,MV,2022-08-07 03:00:56,5.7667,73.3833,80.74,83,100,17.87
397,Northam,GB,2022-08-07 03:00:57,51.0333,-4.2167,55.56,75,97,6.2
398,Kavieng,PG,2022-08-07 03:00:57,-2.5744,150.7967,83.68,71,78,7.23
399,Pisco,PE,2022-08-07 03:00:57,-13.7,-76.2167,60.03,83,95,1.05
400,Kenai,US,2022-08-07 02:57:20,60.5544,-151.2583,60.15,73,22,7.74
401,Constitucion,CL,2022-08-07 03:00:58,-35.3333,-72.4167,51.82,91,82,18.68
402,Markova,UA,2022-08-07 03:00:58,48.6758,24.4138,60.28,98,100,6.35
403,Maxixe,MZ,2022-08-07 03:00:59,-23.8597,35.3472,67.82,94,20,9.22
404,Matamoros,MX,2022-08-07 03:01:00,25.5333,-103.25,85.32,29,94,15.99
405,Taunton,GB,2022-08-07 03:01:00,51.0211,-3.1047,58.01,89,97,1.99
406,Anadyr,RU,2022-08-07 03:01:01,64.75,177.4833,52.32,93,73,7.38
407,Hambantota,LK,2022-08-07 03:01:01,6.1241,81.1185,79.14,100,40,8.05
408,Vestmannaeyjar,IS,2022-08-07 03:01:02,63.4427,-20.2734,52.09,85,100,8.34
409,Puerto Narino,CO,2022-08-07 03:01:02,-3.7703,-70.3831,72.88,97,100,1.92
410,Sambava,MG,2022-08-07 03:01:02,-14.2667,50.1667,64.69,86,5,8.95
411,Voh,NC,2022-08-07 03:01:03,-20.9667,164.7,76.68,80,81,5.68
412,Sharanga,RU,2022-08-07 03:01:03,57.1775,46.5396,65.88,74,49,4.52
413,Metro,ID,2022-08-07 03:01:03,-5.1131,105.3067,83.68,68,62,6.04
414,Gull Lake,CA,2022-08-07 03:00:26,50.1001,-108.4847,63.75,47,1,14.76
415,Sola,VU,2022-08-07 03:01:04,-13.8833,167.55,80.58,75,18,15.28
416,Gangtok,IN,2022-08-07 03:01:04,27.3333,88.6167,74.01,75,9,3.69
417,Ahipara,NZ,2022-08-07 03:02:05,-35.1667,173.1667,57.88,97,100,8.1
418,Naze,JP,2022-08-07 03:02:05,28.3667,129.4833,81.54,75,9,2.21
419,Dicabisagan,PH,2022-08-07 03:02:05,17.0818,122.4157,84.78,72,100,7.99
420,Bosaso,SO,2022-08-07 03:02:06,11.2842,49.1816,87.71,41,15,24.54
421,Labuhan,ID,2022-08-07 03:02:06,-6.8844,112.2051,83.34,65,96,2.24
422,Tessalit,ML,2022-08-07 03:02:06,20.1986,1.0114,85.24,46,12,12.62
423,Honiara,SB,2022-08-07 03:02:07,-9.4333,159.95,85.71,70,42,5.14
424,San Quintin,MX,2022-08-07 03:02:07,30.4833,-115.95,70.88,86,83,9.78
425,Shizunai,JP,2022-08-07 03:02:07,42.3339,142.3669,68.38,95,100,10.63
426,Verkhnyaya Inta,RU,2022-08-07 03:02:08,65.9811,60.3094,72.82,57,0,13.6
427,Saint George,US,2022-08-07 02:59:29,37.1041,-113.5841,94.62,22,43,8.99
428,Port Lincoln,AU,2022-08-07 03:02:08,-34.7333,135.8667,57.61,52,7,11.5
429,Chalon-Sur-Saone,FR,2022-08-07 03:02:08,46.7833,4.85,62.22,50,0,10.38
430,Satrikh,IN,2022-08-07 03:02:09,26.8667,81.2,84.27,71,100,11.54
431,Monte Azul Paulista,BR,2022-08-07 03:02:09,-20.9072,-48.6414,72.86,34,100,3.06
432,Olafsvik,IS,2022-08-07 03:02:10,64.8945,-23.7142,51.3,86,100,12.06
433,Arlit,NE,2022-08-07 03:02:10,18.7369,7.3853,95.16,23,22,6.8
434,Esso,RU,2022-08-07 03:02:10,55.9333,158.7,75.85,55,68,1.66
435,Porto Empedocle,IT,2022-08-07 03:02:11,37.2934,13.5264,77.31,47,0,4.52
436,Nome,US,2022-08-07 03:02:11,64.5011,-165.4064,50.16,77,97,8.79
437,Carbonia,IT,2022-08-07 03:02:12,39.1672,8.5222,75.0,86,0,5.23
438,Methoni,GR,2022-08-07 03:02:12,36.8197,21.7049,83.21,60,0,6.31
439,Sechura,PE,2022-08-07 03:02:12,-5.5569,-80.8222,63.36,80,18,14.03
440,Kitimat,CA,2022-08-07 02:57:44,54.0524,-128.6534,71.98,56,96,1.01
441,Port Augusta,AU,2022-08-07 03:02:14,-32.5,137.7667,60.13,44,4,6.51
442,Andenes,NO,2022-08-07 03:02:14,69.3143,16.1194,51.78,93,100,3.44
443,Panormos,GR,2022-08-07 03:02:15,35.4182,24.6909,79.66,70,0,7.23
444,Lompoc,US,2022-08-07 03:02:15,34.6391,-120.4579,69.01,81,0,21.0
445,Vrangel,RU,2022-08-07 03:02:15,42.7297,133.0839,76.41,84,87,5.93
446,Marawi,PH,2022-08-07 03:02:16,7.9986,124.2928,75.49,86,100,1.19
447,Bathsheba,BB,2022-08-07 03:02:16,13.2167,-59.5167,79.05,96,76,12.8
448,Broken Hill,AU,2022-08-07 03:02:16,-31.95,141.4333,57.31,45,0,11.01
449,Katherine,AU,2022-08-07 03:02:17,-14.4667,132.2667,89.92,43,40,10.36
450,Seoul,KR,2022-08-07 03:02:07,37.5683,126.9778,87.19,62,60,8.55
451,Chuari Khas,IN,2022-08-07 03:02:21,32.4333,76.0167,77.45,77,16,1.57
452,Clyde River,CA,2022-08-07 03:02:21,70.4692,-68.5914,37.63,100,100,17.27
453,Faya,SA,2022-08-07 03:02:22,18.3851,42.4509,64.29,71,99,5.95
454,Cap Malheureux,MU,2022-08-07 03:02:22,-19.9842,57.6142,68.47,78,10,1.99
455,Sirjan,IR,2022-08-07 03:02:22,29.452,55.6814,75.49,24,0,3.56
456,Usinsk,RU,2022-08-07 03:02:23,65.9939,57.5281,71.33,65,0,12.88
457,Moerai,PF,2022-08-07 03:02:23,-22.4333,-151.3333,69.78,66,82,28.61
458,Tual,ID,2022-08-07 03:02:23,-5.6667,132.75,80.58,79,99,12.57
459,Ipora,BR,2022-08-07 03:03:24,-16.4419,-51.1178,72.52,32,17,1.28
460,Camacha,PT,2022-08-07 03:03:24,33.0833,-16.3333,67.42,73,40,8.05
461,Port Shepstone,ZA,2022-08-07 03:03:24,-30.7414,30.455,65.59,83,100,7.27
462,Berlevag,NO,2022-08-07 03:03:10,70.8578,29.0864,49.95,93,100,16.11
463,Shingu,JP,2022-08-07 03:03:25,33.7333,135.9833,85.42,72,92,5.39
464,Mnogovershinnyy,RU,2022-08-07 03:03:25,53.9353,139.9242,62.87,94,100,1.32
465,Banjar,ID,2022-08-07 03:03:26,-8.19,114.9675,85.51,63,26,2.93
466,Aksha,RU,2022-08-07 03:03:26,50.2814,113.2867,64.15,41,2,14.92
467,Cockburn Town,TC,2022-08-07 03:03:27,21.4612,-71.1419,81.88,79,5,21.05
468,Dunedin,NZ,2022-08-07 02:59:31,-45.8742,170.5036,38.8,88,100,3.0
469,Marsa Matruh,EG,2022-08-07 03:03:29,31.3525,27.2453,78.12,74,0,13.0
470,Inuvik,CA,2022-08-07 03:03:29,68.3499,-133.7218,52.56,87,100,11.5
471,Kargopol,RU,2022-08-07 03:03:30,61.5071,38.9456,64.17,81,4,7.16
472,Gazli,UZ,2022-08-07 03:03:30,40.1333,63.45,85.91,21,36,2.01
473,Vila Do Maio,CV,2022-08-07 03:03:30,15.1333,-23.2167,79.59,86,78,5.08
474,Jaca,ES,2022-08-07 03:03:31,42.569,-0.5499,66.99,77,9,3.15
475,Kolochava,UA,2022-08-07 03:03:31,48.4285,23.6959,66.52,91,100,5.57
476,Roma,US,2022-08-07 03:03:32,43.2128,-75.4557,77.86,94,100,4.61
477,Innisfail,AU,2022-08-07 02:59:31,-17.5333,146.0333,77.34,78,97,9.13
478,Afsin,TR,2022-08-07 03:03:32,38.2477,36.914,68.18,42,0,3.18
479,Urubicha,BO,2022-08-07 03:03:33,-15.3833,-62.95,66.18,82,99,2.62
480,Benghazi,LY,2022-08-07 03:03:33,32.1167,20.0667,80.13,74,0,9.01
481,San Lorenzo,PY,2022-08-07 03:03:33,-25.3333,-57.5333,58.14,94,100,5.75
482,Port Hedland,AU,2022-08-07 03:03:34,-20.3167,118.5667,78.85,12,2,13.8
483,Labytnangi,RU,2022-08-07 03:03:34,66.6572,66.4183,68.72,64,64,10.98
484,Komsomolskiy,UZ,2022-08-07 03:03:34,40.4272,71.7189,86.92,22,0,6.87
485,Chicama,PE,2022-08-07 03:03:35,-7.8447,-79.1469,57.74,86,54,6.33
486,Bodden Town,KY,2022-08-07 03:03:35,19.2833,-81.25,79.93,83,75,4.61
487,Iquique,CL,2022-08-07 03:03:35,-20.2208,-70.1431,55.44,74,3,5.21
488,Wahpeton,US,2022-08-07 03:03:36,46.2652,-96.6059,62.92,72,0,16.11
489,Monte Patria,CL,2022-08-07 03:03:36,-30.6919,-70.9467,49.15,91,100,8.63
490,Arroyo,ES,2022-08-07 03:03:36,41.6096,-4.7969,68.14,80,0,6.91
491,Diffa,NE,2022-08-07 03:03:37,13.3154,12.6113,81.86,59,100,8.61
492,Gwadar,PK,2022-08-07 03:03:37,25.1216,62.3254,80.67,85,13,4.72
493,Prince Rupert,CA,2022-08-07 03:00:09,54.3161,-130.3201,61.32,89,100,3.36
494,Wabana,CA,2022-08-07 03:03:37,47.6332,-52.9481,64.08,91,79,7.49
495,Aasiaat,GL,2022-08-07 03:03:38,68.7098,-52.8699,38.17,98,94,6.2
496,Vuktyl,RU,2022-08-07 03:03:38,63.8567,57.3094,70.63,64,5,6.13
497,Pijijiapan,MX,2022-08-07 03:03:39,15.7011,-93.23,76.33,94,71,4.61
498,Bambous Virieux,MU,2022-08-07 03:03:39,-20.3428,57.7575,68.22,80,65,7.83
499,Muroto,JP,2022-08-07 03:03:39,33.2833,134.15,84.65,72,61,6.44
500,Haizhou,CN,2022-08-07 03:03:40,34.5817,119.1289,90.23,72,99,8.57
501,Doka,SD,2022-08-07 03:03:40,13.5167,35.7667,70.23,93,100,5.64
502,Podkletnoye,RU,2022-08-07 03:03:40,51.5899,39.4623,59.52,52,0,4.72
503,Harper,LR,2022-08-07 03:03:41,4.375,-7.7169,72.72,76,1,6.87
504,Puerto Del Rosario,ES,2022-08-07 03:04:41,28.5004,-13.8627,71.35,83,100,18.41
505,Rawson,AR,2022-08-07 03:04:41,-43.3002,-65.1023,43.16,77,100,11.07
506,Beitbridge,ZW,2022-08-07 03:04:42,-22.2167,30.0,64.17,45,48,2.86
507,Rabo De Peixe,PT,2022-08-07 03:04:42,37.8,-25.5833,71.11,94,40,4.61
508,Katima Mulilo,NA,2022-08-07 03:04:42,-17.5,24.2667,57.78,42,0,3.62
509,Wanaka,NZ,2022-08-07 03:04:43,-44.7,169.15,39.11,89,100,3.0
510,Loubomo,CG,2022-08-07 03:04:43,-4.1997,12.6739,63.21,83,18,4.47
511,Aksu,CN,2022-08-07 03:04:43,41.1231,80.2644,76.93,47,57,3.6
512,Armidale,AU,2022-08-07 03:04:44,-30.5167,151.65,47.17,54,73,12.71
513,Axim,GH,2022-08-07 03:04:44,4.8699,-2.2405,72.21,84,16,5.59
514,Tucuman,AR,2022-08-07 03:00:02,-26.8241,-65.2226,57.88,54,45,3.22
515,Isangel,VU,2022-08-07 03:04:44,-19.55,169.2667,81.9,69,2,8.21
516,Nicoya,CR,2022-08-07 03:04:45,10.1483,-85.452,73.44,93,100,3.89
517,Malko Tarnovo,BG,2022-08-07 03:04:45,41.9833,27.5333,63.37,98,43,5.88
518,Kamaishi,JP,2022-08-07 03:04:45,39.2667,141.8833,80.35,72,99,13.91
519,Lakes Entrance,AU,2022-08-07 03:04:46,-37.8811,147.981,54.16,88,99,1.34
520,Longyearbyen,SJ,2022-08-07 03:01:13,78.2186,15.6401,48.04,93,75,6.91
521,Bengkulu,ID,2022-08-07 03:04:46,-3.8004,102.2655,82.0,68,12,4.47
522,Ambanja,MG,2022-08-07 03:04:47,-13.6833,48.45,65.95,74,15,3.53
523,Obigarm,TJ,2022-08-07 03:04:47,38.7173,69.7088,75.65,24,0,2.44
524,Namibe,AO,2022-08-07 03:04:47,-15.1961,12.1522,60.67,88,0,7.65
525,Navalmoral De La Mata,ES,2022-08-07 03:04:48,39.8916,-5.5406,79.95,32,0,4.0
526,Odweyne,SO,2022-08-07 03:04:48,9.4092,45.064,70.18,52,92,19.28
527,Christchurch,NZ,2022-08-07 03:04:48,-43.5333,172.6333,52.0,82,75,26.46
528,Sinop,TR,2022-08-07 03:04:49,41.7711,34.8709,63.93,92,100,1.45
529,Kamskiye Polyany,RU,2022-08-07 03:04:49,55.4307,51.4171,68.81,71,38,2.46
530,Gat,IL,2022-08-07 03:04:49,31.61,34.7642,77.68,100,1,2.84
531,Barlad,RO,2022-08-07 03:04:50,46.2333,27.6667,69.13,63,4,6.78
532,Laguna,US,2022-08-07 03:04:50,38.421,-121.4238,84.4,52,0,10.36
533,Bentiu,SS,2022-08-07 03:00:48,9.2333,29.8333,69.78,97,90,3.47
534,Pedernales,DO,2022-08-07 03:04:50,18.0384,-71.744,82.54,71,100,4.54
535,Ayutla,MX,2022-08-07 03:04:51,20.1167,-104.3333,65.53,88,100,1.3
536,Eureka,US,2022-08-07 03:00:25,40.8021,-124.1637,65.19,85,30,1.99
537,Rockhampton,AU,2022-08-07 03:04:51,-23.3833,150.5,71.49,53,100,5.75
538,Oriximina,BR,2022-08-07 03:04:52,-1.7656,-55.8661,75.15,84,31,3.71
539,Panlaitan,PH,2022-08-07 03:04:52,12.1191,119.8486,78.53,87,100,9.42
540,Sibolga,ID,2022-08-07 03:04:52,1.7427,98.7792,84.36,61,45,2.84
541,Konstantinovka,RU,2022-08-07 03:04:53,49.6167,127.9833,77.5,69,98,6.87
542,Thinadhoo,MV,2022-08-07 03:04:53,0.5333,72.9333,82.42,74,100,10.6
543,Vershino-Darasunskiy,RU,2022-08-07 03:04:53,52.35,115.5167,60.46,41,9,11.99
544,Callaway,US,2022-08-07 03:02:22,30.153,-85.5699,78.91,88,0,5.75
545,Chernyshevskiy,RU,2022-08-07 03:04:54,63.0128,112.4714,50.67,85,99,6.49
546,Southbridge,US,2022-08-07 03:04:54,42.0751,-72.0334,79.16,89,31,1.99
547,Yar,RU,2022-08-07 03:04:55,58.249,52.1026,68.07,69,51,1.25
