City_ID,City,Country,Date,Lat,Lng,Max Temp,Humidity,Cloudiness,Wind Speed,Description
0,Sao Filipe,CV,2022-08-11 04:28:00,14.8961,-24.4956,77.23,88,68,8.86,broken clouds
1,Atuona,PF,2022-08-11 04:28:01,-9.8,-139.0333,76.95,77,2,20.13,clear sky
2,Padang,ID,2022-08-11 04:27:23,-0.9492,100.3543,86.05,64,85,4.83,overcast clouds
3,Tuatapere,NZ,2022-08-11 04:28:01,-46.1333,167.6833,46.04,62,21,4.25,few clouds
4,Isangel,VU,2022-08-11 04:23:38,-19.55,169.2667,77.11,57,75,11.5,broken clouds
5,Bredasdorp,ZA,2022-08-11 04:28:01,-34.5322,20.0403,52.11,93,100,4.76,overcast clouds
6,Atar,MR,2022-08-11 04:28:02,20.5169,-13.0499,89.47,16,100,10.42,overcast clouds
7,Marsh Harbour,BS,2022-08-11 04:28:02,26.5412,-77.0636,82.27,74,1,11.95,clear sky
8,Tabou,CI,2022-08-11 04:28:03,4.423,-7.3528,73.69,82,72,6.26,broken clouds
9,Punta Arenas,CL,2022-08-11 04:28:03,-53.15,-70.9167,32.11,93,0,5.75,clear sky
10,Kavieng,PG,2022-08-11 04:23:35,-2.5744,150.7967,83.16,72,72,7.92,broken clouds
11,Busselton,AU,2022-08-11 04:27:31,-33.65,115.3333,58.51,66,55,4.05,broken clouds
12,Pervomayskoye,RU,2022-08-11 04:28:04,43.919,46.7102,83.66,47,0,21.12,clear sky
13,Coihaique,CL,2022-08-11 04:24:08,-45.5752,-72.0662,41.61,87,0,4.61,clear sky
14,Thompson,CA,2022-08-11 04:28:04,55.7435,-97.8558,51.96,87,0,0.0,clear sky
15,Wawa,NG,2022-08-11 04:28:05,9.9022,4.4192,73.63,89,97,5.12,light rain
16,Airai,TL,2022-08-11 04:28:05,-8.9266,125.4092,72.32,57,56,3.2,broken clouds
17,Dikson,RU,2022-08-11 04:28:06,73.5069,80.5464,42.1,89,100,12.5,overcast clouds
18,Winnemucca,US,2022-08-11 04:28:06,40.973,-117.7357,75.25,64,20,12.66,few clouds
19,Sisimiut,GL,2022-08-11 04:28:07,66.9395,-53.6735,41.43,96,100,4.27,overcast clouds
20,Kropotkin,RU,2022-08-11 04:22:50,45.4375,40.5756,75.36,50,17,12.28,few clouds
21,Hobart,AU,2022-08-11 04:28:07,-42.8794,147.3294,57.06,68,0,8.05,moderate rain
22,Kapaa,US,2022-08-11 04:26:17,22.0752,-159.319,84.18,78,75,19.57,broken clouds
23,Tazovskiy,RU,2022-08-11 04:26:09,67.4667,78.7,49.44,82,100,8.81,overcast clouds
24,Nikolskoye,RU,2022-08-11 04:27:29,59.7035,30.7861,61.88,72,98,5.3,overcast clouds
25,Arraial Do Cabo,BR,2022-08-11 04:27:22,-22.9661,-42.0278,68.23,59,61,19.6,broken clouds
26,Lima,PE,2022-08-11 04:23:40,-12.0432,-77.0282,59.9,85,100,10.36,overcast clouds
27,Saint George,US,2022-08-11 04:21:24,37.1041,-113.5841,85.42,51,0,6.91,clear sky
28,Mar Del Plata,AR,2022-08-11 04:28:08,-38.0023,-57.5575,46.87,90,0,15.99,clear sky
29,Alyangula,AU,2022-08-11 04:28:09,-13.8483,136.4192,79.36,71,76,12.12,broken clouds
30,Albany,US,2022-08-11 04:25:22,42.6001,-73.9662,66.06,88,10,3.62,clear sky
31,Rikitea,PF,2022-08-11 04:25:20,-23.1203,-134.9692,73.13,75,100,23.33,overcast clouds
32,Mackay,AU,2022-08-11 04:28:09,-21.15,149.2,68.68,68,89,14.45,overcast clouds
33,Chulman,RU,2022-08-11 04:28:10,56.8479,124.9104,52.9,96,100,5.39,light rain
34,Lata,PT,2022-08-11 04:28:10,40.1629,-8.3327,60.64,96,0,2.57,clear sky
35,Saint-Philippe,RE,2022-08-11 04:28:11,-21.3585,55.7679,67.59,82,74,15.97,light rain
36,Clyde River,CA,2022-08-11 04:28:11,70.4692,-68.5914,34.03,100,100,9.22,light rain
37,Buraydah,SA,2022-08-11 04:28:11,26.326,43.975,90.05,21,6,7.63,clear sky
38,San Patricio,US,2022-08-11 04:26:08,28.017,-97.5169,85.89,69,13,11.01,few clouds
39,Bethel,US,2022-08-11 04:28:12,41.3712,-73.414,73.76,81,20,0.0,few clouds
40,Vangaindrano,MG,2022-08-11 04:20:11,-23.35,47.6,63.37,80,21,3.74,few clouds
41,Bar Harbor,US,2022-08-11 04:28:12,44.3876,-68.2039,64.94,83,100,0.0,overcast clouds
42,Vaini,TO,2022-08-11 04:25:18,-21.2,-175.2,78.96,94,75,14.97,broken clouds
43,Southbridge,US,2022-08-11 04:28:13,42.0751,-72.0334,69.91,94,9,4.0,clear sky
44,Mataura,NZ,2022-08-11 04:27:22,-46.1927,168.8643,44.47,63,35,4.7,scattered clouds
45,Touros,BR,2022-08-11 04:23:29,-5.1989,-35.4608,72.5,91,43,9.06,scattered clouds
46,San Quintin,MX,2022-08-11 04:28:43,30.4833,-115.95,73.11,77,91,9.71,overcast clouds
47,Ribeira Grande,PT,2022-08-11 04:22:53,38.5167,-28.7,72.18,73,29,6.51,scattered clouds
48,Khatanga,RU,2022-08-11 04:22:46,71.9667,102.5,46.6,62,100,14.12,overcast clouds
49,Yerbogachen,RU,2022-08-11 04:19:50,61.2767,108.0108,69.75,55,11,7.38,few clouds
50,Hasaki,JP,2022-08-11 04:28:44,35.7333,140.8333,93.29,80,43,23.29,scattered clouds
51,Port Elizabeth,ZA,2022-08-11 04:19:21,-33.918,25.5701,46.69,93,0,3.44,clear sky
52,Ushuaia,AR,2022-08-11 04:26:06,-54.8,-68.3,33.46,100,100,1.14,light rain
53,Sao Joao Da Barra,BR,2022-08-11 04:27:25,-21.6403,-41.0511,71.91,48,86,18.21,overcast clouds
54,Marechal Deodoro,BR,2022-08-11 04:28:45,-9.7103,-35.895,71.01,90,4,2.86,clear sky
55,Yellowknife,CA,2022-08-11 04:26:43,62.456,-114.3525,55.92,67,75,12.66,broken clouds
56,Moa,CU,2022-08-11 04:28:45,20.6569,-74.9403,79.25,83,43,11.1,scattered clouds
57,Gilleleje,DK,2022-08-11 04:28:46,56.122,12.3106,59.11,94,2,5.55,clear sky
58,Bluff,NZ,2022-08-11 04:28:46,-46.6,168.3333,44.8,58,11,8.68,few clouds
59,Chuy,UY,2022-08-11 04:16:04,-33.6971,-53.4616,48.42,88,100,3.87,overcast clouds
60,Dongli,CN,2022-08-11 04:28:46,23.5656,116.8194,87.78,79,40,8.95,thunderstorm
61,Wembley,AU,2022-08-11 04:28:47,-31.9333,115.8,65.08,57,20,11.5,few clouds
62,Hilo,US,2022-08-11 04:26:23,19.7297,-155.09,85.28,80,20,4.61,few clouds
63,Magadan,RU,2022-08-11 04:28:47,59.5667,150.8,61.54,83,100,3.76,overcast clouds
64,Fairview,US,2022-08-11 04:28:47,40.8126,-73.999,78.57,75,100,9.22,overcast clouds
65,Dingle,PH,2022-08-11 04:28:48,10.9995,122.6711,86.31,70,75,5.88,broken clouds
66,Cabo San Lucas,MX,2022-08-11 04:18:57,22.8909,-109.9124,85.3,78,93,1.99,overcast clouds
67,Ahipara,NZ,2022-08-11 04:18:49,-35.1667,173.1667,55.36,79,50,9.51,scattered clouds
68,Faanui,PF,2022-08-11 04:28:48,-16.4833,-151.75,78.15,71,12,7.58,light rain
69,Canberra,AU,2022-08-11 04:26:21,-35.2835,149.1281,52.11,87,75,1.14,light rain
70,Hermanus,ZA,2022-08-11 04:28:49,-34.4187,19.2345,49.8,89,97,6.67,overcast clouds
71,Kamenka,RU,2022-08-11 04:28:49,51.3223,42.7678,73.89,50,60,9.55,broken clouds
72,Caarapo,BR,2022-08-11 04:28:50,-22.6342,-54.8222,46.6,95,24,4.83,few clouds
73,Johnstown,US,2022-08-11 04:26:06,40.3267,-78.922,71.78,94,20,5.75,few clouds
74,Torata,PE,2022-08-11 04:28:50,-17.0769,-70.8433,57.74,38,0,2.13,clear sky
75,Qaanaaq,GL,2022-08-11 04:28:44,77.484,-69.3632,32.29,69,49,6.38,scattered clouds
76,Barrow,US,2022-08-11 04:24:56,71.2906,-156.7887,46.42,93,100,18.41,fog
77,Ilulissat,GL,2022-08-11 04:23:38,69.2167,-51.1,42.82,81,100,4.61,overcast clouds
78,Hofn,IS,2022-08-11 04:21:34,64.2539,-15.2082,49.73,86,99,3.62,overcast clouds
79,Mina,MX,2022-08-11 04:28:51,26.0011,-100.5299,87.06,48,12,15.05,few clouds
80,Castro,BR,2022-08-11 04:28:51,-24.7911,-50.0119,44.33,96,86,4.41,overcast clouds
81,Honningsvag,NO,2022-08-11 04:28:51,70.9821,25.9704,55.15,88,100,16.11,light rain
82,Charters Towers,AU,2022-08-11 04:28:52,-20.1,146.2667,75.72,40,0,13.04,clear sky
83,Komatipoort,ZA,2022-08-11 04:28:52,-25.4332,31.9548,61.2,71,0,2.73,clear sky
84,Anadyr,RU,2022-08-11 04:28:52,64.75,177.4833,72.1,53,0,4.47,clear sky
85,Port Lincoln,AU,2022-08-11 04:28:53,-34.7333,135.8667,56.73,75,74,27.72,light rain
86,Shimoda,JP,2022-08-11 04:22:49,34.6667,138.95,84.11,75,63,12.68,moderate rain
87,Klaksvik,FO,2022-08-11 04:28:53,62.2266,-6.589,50.92,84,72,15.48,broken clouds
88,Khandyga,RU,2022-08-11 04:28:54,62.6667,135.6,62.73,79,100,3.13,overcast clouds
89,Praya,CV,2022-08-11 04:28:54,14.9215,-23.5087,79.34,78,20,9.22,few clouds
90,Xining,CN,2022-08-11 04:28:54,36.6167,101.7667,80.8,55,81,3.53,broken clouds
91,Rockport,US,2022-08-11 04:29:25,28.0206,-97.0544,86.05,81,20,8.05,few clouds
92,Gigmoto,PH,2022-08-11 04:29:25,13.7796,124.39,84.96,73,49,4.41,scattered clouds
93,Simpang,ID,2022-08-11 04:29:25,-1.2667,104.0833,89.64,55,86,5.06,overcast clouds
94,Flin Flon,CA,2022-08-11 04:29:26,54.7682,-101.865,54.93,77,0,5.93,clear sky
95,Avarua,CK,2022-08-11 04:27:23,-21.2078,-159.775,75.25,69,40,14.97,scattered clouds
96,College,US,2022-08-11 04:24:41,64.8569,-147.8028,66.07,48,20,4.61,few clouds
97,Yeppoon,AU,2022-08-11 04:29:26,-23.1333,150.7333,69.58,64,46,14.27,scattered clouds
98,Emerald,AU,2022-08-11 04:29:27,-23.5333,148.1667,68.34,54,10,14.61,clear sky
99,Severo-Kurilsk,RU,2022-08-11 04:29:27,50.6789,156.125,61.07,79,9,6.98,clear sky
100,Kodiak,US,2022-08-11 04:29:27,57.79,-152.4072,54.91,94,100,4.61,mist
101,Hambantota,LK,2022-08-11 04:22:57,6.1241,81.1185,83.97,68,100,17.11,overcast clouds
102,Port-Gentil,GA,2022-08-11 04:29:28,-0.7193,8.7815,74.37,87,100,12.93,light rain
103,Saint-Pierre,RE,2022-08-11 04:29:28,-21.3393,55.4781,67.68,66,20,21.85,few clouds
104,Gawler,AU,2022-08-11 04:29:29,-34.6,138.7333,60.49,56,2,19.35,clear sky
105,Creel,MX,2022-08-11 04:29:29,27.75,-107.6333,58.59,85,100,2.51,overcast clouds
106,Lagoa Nova,BR,2022-08-11 04:29:29,-6.1,-36.4833,62.53,90,10,6.93,clear sky
107,Enid,US,2022-08-11 04:29:30,36.3956,-97.8784,81.01,61,0,1.01,clear sky
108,Paamiut,GL,2022-08-11 04:29:30,61.994,-49.6678,43.05,93,100,11.25,light rain
109,Usinsk,RU,2022-08-11 04:29:30,65.9939,57.5281,59.09,51,100,2.73,overcast clouds
110,Butaritari,KI,2022-08-11 04:28:55,3.0707,172.7902,81.77,74,13,14.16,few clouds
111,Lompoc,US,2022-08-11 04:25:13,34.6391,-120.4579,65.79,90,100,10.36,overcast clouds
112,Hammerfest,NO,2022-08-11 04:29:31,70.6634,23.6821,52.25,100,75,11.5,broken clouds
113,Hue,VN,2022-08-11 04:25:05,16.4667,107.6,89.71,62,40,4.61,scattered clouds
114,Rocha,UY,2022-08-11 04:29:31,-34.4833,-54.3333,43.59,92,98,3.53,overcast clouds
115,Codrington,AU,2022-08-11 04:29:32,-38.2667,141.9667,56.93,63,93,17.36,overcast clouds
116,Roma,US,2022-08-11 04:20:15,43.2128,-75.4557,65.66,92,0,1.01,clear sky
117,Samarinda,ID,2022-08-11 04:22:48,-0.5,117.15,84.18,70,95,2.3,overcast clouds
118,Pisco,PE,2022-08-11 04:29:32,-13.7,-76.2167,58.01,88,40,0.0,scattered clouds
119,Cabedelo,BR,2022-08-11 04:29:32,-6.9811,-34.8339,72.27,89,25,7.81,scattered clouds
120,Provideniya,RU,2022-08-11 04:22:15,64.3833,-173.3,51.91,100,20,8.95,fog
121,Nome,US,2022-08-11 04:20:10,64.5011,-165.4064,51.87,82,100,6.91,overcast clouds
122,Jamestown,US,2022-08-11 04:29:33,42.097,-79.2353,62.71,68,0,1.01,clear sky
123,Leningradskiy,RU,2022-08-11 04:29:33,69.3833,178.4167,48.54,77,61,7.11,broken clouds
124,Hami,CN,2022-08-11 04:20:14,42.8,93.45,97.75,14,98,4.0,overcast clouds
125,Georgetown,MY,2022-08-11 04:25:53,5.4112,100.3354,89.55,70,20,8.05,haze
126,Campbeltown,GB,2022-08-11 04:29:34,55.4258,-5.6076,48.25,79,5,2.53,clear sky
127,Quelimane,MZ,2022-08-11 04:29:34,-17.8786,36.8883,63.99,94,0,2.93,clear sky
128,Cidreira,BR,2022-08-11 04:29:35,-30.1811,-50.2056,58.37,80,80,2.8,broken clouds
129,Deputatskiy,RU,2022-08-11 04:29:35,69.3,139.9,66.24,47,100,4.16,overcast clouds
130,Moron,AR,2022-08-11 04:29:35,-34.6534,-58.6198,53.35,79,0,7.11,clear sky
131,Presidente Dutra,BR,2022-08-11 04:29:36,-5.29,-44.49,71.76,57,9,3.27,clear sky
132,Lagoa,PT,2022-08-11 04:22:49,39.05,-27.9833,70.38,74,7,5.57,clear sky
133,Ballina,AU,2022-08-11 04:29:36,-28.8667,153.5667,65.79,84,82,4.63,broken clouds
134,Skjervoy,NO,2022-08-11 04:29:36,70.0311,20.9714,53.6,80,79,38.92,light rain
135,Honiara,SB,2022-08-11 04:29:37,-9.4333,159.95,83.55,76,56,4.85,broken clouds
136,Sorland,NO,2022-08-11 04:29:37,67.667,12.6934,53.46,85,65,33.89,broken clouds
137,Mahebourg,MU,2022-08-11 04:29:37,-20.4081,57.7,71.26,64,75,12.66,broken clouds
138,Souillac,MU,2022-08-11 04:25:15,-20.5167,57.5167,70.18,64,75,12.66,light rain
139,Port Alfred,ZA,2022-08-11 04:30:08,-33.5906,26.891,57.72,84,70,2.55,broken clouds
140,Balabac,PH,2022-08-11 04:30:08,7.9868,117.0645,85.35,71,59,4.32,broken clouds
141,Beringovskiy,RU,2022-08-11 04:30:08,63.05,179.3167,62.74,68,50,7.18,scattered clouds
142,Xinzhi,CN,2022-08-11 04:30:09,36.4989,111.7047,84.0,71,100,1.01,moderate rain
143,Susanville,US,2022-08-11 04:30:09,40.4163,-120.653,73.24,21,0,6.91,clear sky
144,Puerto Ayora,EC,2022-08-11 04:25:21,-0.7393,-90.3518,70.56,92,96,5.99,overcast clouds
145,Mutis,CO,2022-08-11 04:30:10,6.2262,-77.4044,76.95,90,100,4.0,moderate rain
146,San Juan,AR,2022-08-11 04:30:10,-31.5375,-68.5364,50.27,37,20,3.38,few clouds
147,Ankazobe,MG,2022-08-11 04:30:10,-18.3167,47.1167,53.65,69,36,16.42,scattered clouds
148,San Jeronimo,PE,2022-08-11 04:30:11,-11.9472,-75.2829,47.64,82,49,0.29,scattered clouds
149,Roebourne,AU,2022-08-11 04:22:09,-20.7833,117.1333,75.0,18,0,20.85,clear sky
150,Tiruchchendur,IN,2022-08-11 04:30:11,8.4833,78.1167,88.09,54,92,10.54,overcast clouds
151,Kysyl-Syr,RU,2022-08-11 04:30:12,63.8986,122.7617,75.78,48,51,5.35,broken clouds
152,Puro,PH,2022-08-11 04:30:12,12.4841,123.3827,84.31,72,95,6.33,overcast clouds
153,Shebunino,RU,2022-08-11 04:30:12,46.4339,141.8603,72.25,82,96,13.09,light rain
154,New Norfolk,AU,2022-08-11 04:30:13,-42.7826,147.0587,56.7,73,99,3.4,overcast clouds
155,Chicama,PE,2022-08-11 04:30:13,-7.8447,-79.1469,59.54,83,87,4.05,overcast clouds
156,Yasnaya Polyana,RU,2022-08-11 04:30:14,44.0225,42.7539,62.8,48,1,2.75,clear sky
157,Rassvet,RU,2022-08-11 04:30:14,46.8333,40.75,74.77,55,61,14.5,broken clouds
158,Naifaru,MV,2022-08-11 04:30:14,5.4444,73.3657,82.17,79,48,11.45,scattered clouds
159,Harper,LR,2022-08-11 04:25:18,4.375,-7.7169,73.9,80,80,6.49,broken clouds
160,Aljezur,PT,2022-08-11 04:30:15,37.3191,-8.8033,61.86,92,0,0.54,clear sky
161,Guanica,PR,2022-08-11 04:30:15,17.9716,-66.908,81.05,81,100,7.27,overcast clouds
162,Nuuk,GL,2022-08-11 04:30:16,64.1835,-51.7216,41.88,93,40,8.05,fog
163,Ixtapa,MX,2022-08-11 04:30:16,20.7,-105.2,80.22,83,100,0.0,overcast clouds
164,Santa Vitoria Do Palmar,BR,2022-08-11 04:25:18,-33.5189,-53.3681,48.99,90,100,4.5,overcast clouds
165,Necochea,AR,2022-08-11 04:30:03,-38.5473,-58.7368,43.27,78,0,13.53,clear sky
166,Tuktoyaktuk,CA,2022-08-11 04:30:17,69.4541,-133.0374,48.2,93,100,21.85,light rain
167,Nata,PA,2022-08-11 04:30:17,8.3333,-80.5167,74.98,95,99,3.83,overcast clouds
168,Saldanha,ZA,2022-08-11 04:30:17,-33.0117,17.9442,55.45,90,100,2.98,overcast clouds
169,Kahului,US,2022-08-11 04:30:18,20.8947,-156.47,84.22,72,20,26.46,few clouds
170,Salalah,OM,2022-08-11 04:21:27,17.0151,54.0924,77.09,100,100,5.75,mist
171,Merauke,ID,2022-08-11 04:30:18,-8.4667,140.3333,82.24,71,81,13.51,broken clouds
172,Iqaluit,CA,2022-08-11 04:30:18,63.7506,-68.5145,44.33,81,20,8.99,few clouds
173,Taiyuan,CN,2022-08-11 04:30:19,37.8694,112.5603,76.86,73,50,6.71,scattered clouds
174,Calama,CL,2022-08-11 04:30:19,-22.4667,-68.9333,50.9,10,0,8.23,clear sky
175,Soe,ID,2022-08-11 04:30:19,-9.8607,124.284,81.54,44,16,10.54,few clouds
176,Lethem,GY,2022-08-11 04:30:20,3.3803,-59.7968,76.51,75,65,4.79,broken clouds
177,Esperance,AU,2022-08-11 04:27:44,-33.8667,121.9,57.9,68,87,15.61,overcast clouds
178,Snejbjerg,DK,2022-08-11 04:30:20,56.1387,8.899,56.52,77,0,2.98,clear sky
179,Concepcion,CL,2022-08-11 04:28:55,-36.827,-73.0498,40.8,100,40,2.3,mist
180,Pevek,RU,2022-08-11 04:26:06,69.7008,170.3133,43.21,92,21,1.77,few clouds
181,Torbay,CA,2022-08-11 04:22:13,47.6666,-52.7314,57.38,89,100,9.22,overcast clouds
182,Tasiilaq,GL,2022-08-11 04:28:39,65.6145,-37.6368,37.56,77,79,2.77,broken clouds
183,Umba,RU,2022-08-11 04:30:21,66.6871,34.3429,57.24,89,100,12.75,overcast clouds
184,Ngaoundere,CM,2022-08-11 04:30:52,7.3167,13.5833,63.86,99,100,2.98,light rain
185,Pangody,RU,2022-08-11 04:23:37,65.85,74.4859,58.75,50,20,2.89,few clouds
186,Longyearbyen,SJ,2022-08-11 04:22:08,78.2186,15.6401,48.04,71,75,17.27,broken clouds
187,Acapulco,MX,2022-08-11 04:19:32,16.8634,-99.8901,82.22,74,75,4.61,broken clouds
188,Chokurdakh,RU,2022-08-11 04:30:52,70.6333,147.9167,68.7,48,100,15.21,overcast clouds
189,Abeche,TD,2022-08-11 04:30:53,13.8292,20.8324,75.81,79,86,5.97,overcast clouds
190,Inhambane,MZ,2022-08-11 04:30:53,-23.865,35.3833,60.78,100,0,0.0,fog
191,Okhotsk,RU,2022-08-11 04:30:53,59.3833,143.3,58.57,90,100,9.71,light rain
192,Ancud,CL,2022-08-11 04:30:54,-41.8697,-73.8203,51.22,95,100,14.34,light rain
193,Dolores,AR,2022-08-11 04:30:54,-36.3132,-57.6792,42.37,95,3,7.02,clear sky
194,Fortuna,US,2022-08-11 04:22:54,40.5982,-124.1573,63.99,92,75,8.05,broken clouds
195,Kayerkan,RU,2022-08-11 04:30:54,69.3497,87.7602,50.52,71,89,8.19,overcast clouds
196,Mana,GF,2022-08-11 04:30:55,5.6592,-53.7767,78.08,85,78,6.69,broken clouds
197,Saint-Augustin,CA,2022-08-11 04:30:55,51.226,-58.6502,54.43,94,0,6.31,clear sky
198,Takoradi,GH,2022-08-11 04:30:55,4.8845,-1.7554,72.27,95,58,6.78,broken clouds
199,Fuerte Olimpo,PY,2022-08-11 04:30:56,-21.0415,-57.8738,50.97,83,0,4.56,clear sky
200,Moctezuma,MX,2022-08-11 04:30:56,29.8,-109.6667,70.61,92,100,4.56,overcast clouds
201,Chapais,CA,2022-08-11 04:30:56,49.7834,-74.8492,55.18,96,20,7.83,few clouds
202,Sitka,US,2022-08-11 04:30:57,57.0531,-135.33,60.69,77,100,0.0,overcast clouds
203,Kholodnyy,RU,2022-08-11 04:30:57,62.7167,147.95,55.2,86,100,3.36,overcast clouds
204,Iraray,PH,2022-08-11 04:30:57,8.9936,118.0511,85.3,73,86,6.64,moderate rain
205,Havoysund,NO,2022-08-11 04:30:58,70.9963,24.6622,55.63,87,99,34.23,light rain
206,Constitucion,CL,2022-08-11 04:30:58,-35.3333,-72.4167,46.96,84,0,6.89,clear sky
207,Zyryanka,RU,2022-08-11 04:30:58,65.75,150.85,79.21,32,100,12.86,overcast clouds
208,Ketchikan,US,2022-08-11 04:30:59,55.3422,-131.6461,70.27,56,0,10.36,clear sky
209,Vostok,RU,2022-08-11 04:30:59,46.4856,135.8833,70.21,58,57,7.52,broken clouds
210,Labuhan,ID,2022-08-11 04:23:34,-6.8844,112.2051,85.96,63,59,6.55,broken clouds
211,Carnarvon,AU,2022-08-11 04:30:59,-24.8667,113.6333,69.8,27,0,13.67,clear sky
212,Nichinan,JP,2022-08-11 04:31:00,31.6,131.3667,87.48,63,55,7.72,broken clouds
213,Bahia Honda,CU,2022-08-11 04:31:00,22.9036,-83.1592,78.46,85,9,7.65,light rain
214,Svetlyy,RU,2022-08-11 04:31:00,54.675,20.1347,66.96,71,74,2.1,broken clouds
215,Mocuba,MZ,2022-08-11 04:31:01,-16.8392,36.9856,65.95,85,0,2.06,clear sky
216,Hornepayne,CA,2022-08-11 04:31:01,49.2138,-84.7705,48.63,87,24,5.3,few clouds
217,Bilibino,RU,2022-08-11 04:31:02,68.0546,166.4372,74.26,48,43,11.14,scattered clouds
218,Camalu,MX,2022-08-11 04:31:02,30.85,-116.0667,74.73,69,45,6.98,scattered clouds
219,Corumba,BR,2022-08-11 04:31:03,-19.0092,-57.6533,52.25,72,0,2.39,clear sky
220,Longhua,CN,2022-08-11 04:31:03,23.6137,114.1919,85.98,76,67,4.94,broken clouds
221,Anchorage,US,2022-08-11 04:27:17,61.2181,-149.9003,69.84,55,0,3.44,clear sky
222,Veraval,IN,2022-08-11 04:31:04,20.9,70.3667,80.64,90,100,22.24,light rain
223,Lazaro Cardenas,MX,2022-08-11 04:31:04,17.9583,-102.2,79.9,78,100,2.48,overcast clouds
224,Maceio,BR,2022-08-11 04:21:35,-9.6658,-35.7353,71.04,88,40,4.61,scattered clouds
225,Sao Jose Da Coroa Grande,BR,2022-08-11 04:31:04,-8.8978,-35.1478,71.98,87,21,2.04,few clouds
226,Aksu,CN,2022-08-11 04:31:05,41.1231,80.2644,82.53,32,96,1.9,overcast clouds
227,Anshun,CN,2022-08-11 04:31:06,26.25,105.9333,75.97,73,99,11.12,overcast clouds
228,Flinders,AU,2022-08-11 04:31:06,-34.5833,150.8552,66.18,63,100,4.0,overcast clouds
229,Bandarbeyla,SO,2022-08-11 04:31:06,9.4942,50.8122,81.3,63,100,32.39,overcast clouds
230,Richards Bay,ZA,2022-08-11 04:31:37,-28.783,32.0377,62.13,85,40,2.77,scattered clouds
231,Guanare,VE,2022-08-11 04:31:37,9.0418,-69.7421,71.31,93,100,1.36,overcast clouds
232,Artyom,AZ,2022-08-11 04:31:37,40.4723,50.333,82.54,59,0,9.42,clear sky
233,Pailon,BO,2022-08-11 04:31:38,-17.65,-62.75,50.9,42,0,2.59,clear sky
234,Karratha,AU,2022-08-11 04:31:25,-20.7377,116.8463,77.09,17,0,18.97,clear sky
235,Obo,CF,2022-08-11 04:31:38,5.3998,26.4869,68.92,98,100,3.09,light rain
236,Bambous Virieux,MU,2022-08-11 04:31:39,-20.3428,57.7575,71.22,64,75,12.66,light rain
237,Barra Dos Coqueiros,BR,2022-08-11 04:31:39,-10.9089,-37.0386,71.62,94,40,4.61,scattered clouds
238,Otradnoye,RU,2022-08-11 04:31:39,59.7775,30.8181,62.04,63,97,7.25,overcast clouds
239,Uyuni,BO,2022-08-11 04:31:40,-20.4597,-66.825,32.25,24,0,2.66,clear sky
240,Aloleng,PH,2022-08-11 04:31:40,16.1307,119.7824,85.06,73,71,12.66,broken clouds
241,Ulaangom,MN,2022-08-11 04:31:40,49.9811,92.0667,65.91,67,96,12.75,overcast clouds
242,Betsiamites,CA,2022-08-11 04:31:41,48.9413,-68.646,61.2,93,13,2.28,few clouds
243,Cherskiy,RU,2022-08-11 04:31:41,68.75,161.3,70.21,51,32,4.68,scattered clouds
244,Ouesso,CG,2022-08-11 04:31:41,1.6136,16.0517,74.61,79,97,4.41,overcast clouds
245,Baykit,RU,2022-08-11 04:31:42,61.67,96.37,66.34,37,59,10.13,broken clouds
246,Tutoia,BR,2022-08-11 04:31:42,-2.7619,-42.2744,76.8,84,79,9.13,broken clouds
247,Namie,JP,2022-08-11 04:31:43,37.4833,141.0,94.71,64,57,1.99,broken clouds
248,Udachnyy,RU,2022-08-11 04:31:43,66.4167,112.4,52.45,93,100,16.8,light rain
249,Orlik,RU,2022-08-11 04:31:43,52.5178,99.825,67.71,39,16,10.04,few clouds
250,Mehamn,NO,2022-08-11 04:22:08,71.0357,27.8492,57.15,94,40,6.91,light rain
251,Cape Town,ZA,2022-08-11 04:29:25,-33.9258,18.4232,55.11,92,40,5.75,scattered clouds
252,Shuangcheng,CN,2022-08-11 04:31:44,45.35,126.2833,80.28,53,5,8.34,clear sky
253,Greytown,ZA,2022-08-11 04:31:44,-29.0642,30.5928,50.14,71,62,1.81,broken clouds
254,San Jose,US,2022-08-11 04:31:37,37.3394,-121.895,69.94,72,0,12.66,clear sky
255,Petropavlovsk-Kamchatskiy,RU,2022-08-11 04:31:45,53.0452,158.6483,64.99,63,75,8.95,broken clouds
256,Aklavik,CA,2022-08-11 04:22:14,68.2191,-135.0107,58.5,50,95,4.79,overcast clouds
257,Kaitangata,NZ,2022-08-11 04:22:55,-46.2817,169.8464,44.2,62,22,6.69,few clouds
258,Madingou,CG,2022-08-11 04:31:45,-4.1536,13.55,68.77,83,33,4.07,scattered clouds
259,Los Llanos De Aridane,ES,2022-08-11 04:31:45,28.6585,-17.9182,66.13,93,0,6.91,clear sky
260,Komarikhinskiy,RU,2022-08-11 04:31:46,58.0979,57.1163,58.08,95,100,5.68,overcast clouds
261,Berea,US,2022-08-11 04:31:46,41.3662,-81.8543,67.08,89,0,3.44,clear sky
262,Victoria,HK,2022-08-11 04:27:53,22.2855,114.1577,81.97,91,92,10.0,overcast clouds
263,Pachperwa,IN,2022-08-11 04:31:47,27.5167,82.65,91.33,55,96,18.81,overcast clouds
264,Weligama,LK,2022-08-11 04:31:47,5.9667,80.4167,83.68,72,96,11.36,overcast clouds
265,Boa Vista,BR,2022-08-11 04:31:47,2.8197,-60.6733,82.38,74,0,2.3,clear sky
266,Damavand,IR,2022-08-11 04:31:48,35.7178,52.065,73.49,46,13,6.78,few clouds
267,Naze,JP,2022-08-11 04:31:30,28.3667,129.4833,83.32,74,100,2.19,overcast clouds
268,Yar-Sale,RU,2022-08-11 04:31:16,66.8333,70.8333,60.17,49,58,10.96,broken clouds
269,Hithadhoo,MV,2022-08-11 04:27:27,-0.6,73.0833,82.18,73,5,11.1,clear sky
270,Lorengau,PG,2022-08-11 04:31:48,-2.0226,147.2712,84.18,69,77,2.04,broken clouds
271,Grand Gaube,MU,2022-08-11 04:31:49,-20.0064,57.6608,71.38,55,75,11.99,broken clouds
272,Laguna,US,2022-08-11 04:31:49,38.421,-121.4238,80.76,56,0,9.22,clear sky
273,Tezu,IN,2022-08-11 04:31:49,27.9167,96.1667,92.28,60,52,3.65,broken clouds
274,Saskylakh,RU,2022-08-11 04:22:48,71.9167,114.0833,49.84,68,100,14.85,overcast clouds
275,Onega,RU,2022-08-11 04:31:50,63.9061,38.1404,62.83,65,97,11.3,overcast clouds
276,Sindou,BF,2022-08-11 04:31:50,10.6667,-5.1667,70.99,96,72,4.0,broken clouds
277,Mahalapye,BW,2022-08-11 04:31:50,-23.1041,26.8142,55.63,57,0,5.14,clear sky
278,Habay,BE,2022-08-11 04:32:21,49.731,5.6175,64.24,71,4,5.59,clear sky
279,Ust-Karsk,RU,2022-08-11 04:32:22,52.7011,118.8077,74.05,45,93,5.19,overcast clouds
280,Liuzhou,CN,2022-08-11 04:32:22,24.3126,109.3892,86.52,67,100,9.8,overcast clouds
281,Huarmey,PE,2022-08-11 04:32:22,-10.0681,-78.1522,61.57,86,39,5.08,scattered clouds
282,Aurora,US,2022-08-11 04:30:28,39.7294,-104.8319,81.39,40,0,20.71,clear sky
283,Katsuura,JP,2022-08-11 04:23:41,35.1333,140.3,83.89,79,39,20.78,scattered clouds
284,Puerto Escondido,MX,2022-08-11 04:27:47,15.85,-97.0667,76.06,96,100,6.38,overcast clouds
285,Broken Hill,AU,2022-08-11 04:32:10,-31.95,141.4333,61.83,37,93,24.72,overcast clouds
286,Tecoanapa,MX,2022-08-11 04:32:23,16.5167,-98.75,79.88,85,96,5.39,overcast clouds
287,Bonavista,CA,2022-08-11 04:32:24,48.6499,-53.1147,56.68,74,100,7.14,overcast clouds
288,Buchanan,LR,2022-08-11 04:32:24,5.8808,-10.0467,75.2,84,99,8.52,overcast clouds
289,Camopi,GF,2022-08-11 04:32:24,3.1655,-52.3158,71.56,99,68,1.43,broken clouds
290,Arlit,NE,2022-08-11 04:29:41,18.7369,7.3853,93.49,30,50,9.01,scattered clouds
291,Pinerovka,RU,2022-08-11 04:32:25,51.562,43.0689,78.64,48,92,10.36,overcast clouds
292,Asau,RO,2022-08-11 04:32:25,46.4333,26.4,59.92,74,20,5.61,few clouds
293,Caravelas,BR,2022-08-11 04:32:26,-17.7125,-39.2481,70.21,78,21,12.26,few clouds
294,Yenagoa,NG,2022-08-11 04:32:26,4.9247,6.2642,74.03,94,99,4.76,light rain
295,Nguruka,TZ,2022-08-11 04:32:27,-5.1092,31.0419,66.74,43,36,6.82,scattered clouds
296,Adrasmon,TJ,2022-08-11 04:32:27,40.6472,69.9856,72.61,25,13,3.6,few clouds
297,La Palma,US,2022-08-11 04:32:27,33.8464,-118.0467,87.31,57,20,5.75,few clouds
298,Olafsvik,IS,2022-08-11 04:32:27,64.8945,-23.7142,49.14,80,100,8.34,overcast clouds
299,Fomboni,KM,2022-08-11 04:32:28,-12.28,43.7425,76.32,70,15,20.22,few clouds
300,East London,ZA,2022-08-11 04:32:28,-33.0153,27.9116,50.94,93,20,1.14,few clouds
301,Comodoro Rivadavia,AR,2022-08-11 04:29:05,-45.8667,-67.5,48.06,61,0,3.44,clear sky
302,Kasongo-Lunda,CD,2022-08-11 04:32:29,-6.4667,16.8167,65.05,54,8,2.44,clear sky
303,Abu Samrah,SY,2022-08-11 04:32:29,35.3029,37.1841,76.69,62,0,13.98,clear sky
304,Walvis Bay,NA,2022-08-11 04:32:29,-22.9575,14.5053,52.09,100,2,3.44,clear sky
305,Shenjiamen,CN,2022-08-11 04:32:30,29.9576,122.298,85.48,77,41,16.35,scattered clouds
306,Igrim,RU,2022-08-11 04:32:30,63.1906,64.4162,55.67,92,100,4.72,moderate rain
307,Lebu,CL,2022-08-11 04:32:30,-37.6167,-73.65,45.14,87,2,4.65,clear sky
308,Dedougou,BF,2022-08-11 04:32:31,12.4667,-3.4667,76.17,83,63,7.27,broken clouds
309,Cap Malheureux,MU,2022-08-11 04:31:10,-19.9842,57.6142,71.47,55,71,11.99,broken clouds
310,Vicksburg,US,2022-08-11 04:32:31,32.3526,-90.8779,75.43,97,0,0.0,clear sky
311,Soyo,AO,2022-08-11 04:30:00,-6.1349,12.3689,69.58,88,94,8.21,overcast clouds
312,Zabid,YE,2022-08-11 04:32:32,14.1951,43.3152,82.27,69,92,11.61,overcast clouds
313,Bubaque,GW,2022-08-11 04:32:32,11.2833,-15.8333,80.33,82,99,10.27,moderate rain
314,Muros,ES,2022-08-11 04:32:32,42.7762,-9.0603,64.17,94,35,3.6,moderate rain
315,Salinopolis,BR,2022-08-11 04:32:33,-0.6136,-47.3561,77.97,85,76,9.42,broken clouds
316,Sambava,MG,2022-08-11 04:32:33,-14.2667,50.1667,70.57,71,72,14.34,light rain
317,Berlevag,NO,2022-08-11 04:32:33,70.8578,29.0864,57.2,88,100,2.3,light rain
318,Guerrero Negro,MX,2022-08-11 04:23:35,27.9769,-114.0611,73.63,72,98,11.25,overcast clouds
319,Haines Junction,CA,2022-08-11 04:32:34,60.7522,-137.5108,47.82,86,100,2.48,overcast clouds
320,Swan Hill,AU,2022-08-11 04:33:04,-35.3378,143.5544,58.73,68,89,11.99,overcast clouds
321,Carutapera,BR,2022-08-11 04:33:05,-1.195,-46.02,75.25,90,16,4.76,few clouds
322,Werda,BW,2022-08-11 04:33:05,-25.2667,23.2833,54.93,32,0,8.19,clear sky
323,Oranjemund,NA,2022-08-11 04:33:05,-28.55,16.4333,51.58,87,54,6.51,broken clouds
324,Lagos,NG,2022-08-11 04:30:10,6.5833,3.75,75.52,89,100,6.06,overcast clouds
325,Bereda,ES,2022-08-11 04:33:06,43.2686,-7.5406,65.41,100,26,0.89,scattered clouds
326,Pangobilian,PH,2022-08-11 04:33:06,8.8011,117.8594,85.3,72,79,5.35,broken clouds
327,Shangzhi,CN,2022-08-11 04:33:07,45.2167,127.9667,77.59,49,2,11.34,clear sky
328,Tandil,AR,2022-08-11 04:33:02,-37.3217,-59.1332,42.69,84,0,8.81,clear sky
329,Ambilobe,MG,2022-08-11 04:33:07,-13.2,49.05,76.32,43,5,8.59,clear sky
330,Norman Wells,CA,2022-08-11 04:33:07,65.282,-126.8329,57.24,51,20,4.61,few clouds
331,Bulungu,CD,2022-08-11 04:33:08,-4.55,18.6,69.84,33,16,1.74,few clouds
332,Tucuma,BR,2022-08-11 04:33:08,-0.1833,-50.05,75.65,92,60,4.85,broken clouds
333,Vardo,NO,2022-08-11 04:33:09,70.3705,31.1107,57.18,94,100,9.22,light rain
334,Ostrovnoy,RU,2022-08-11 04:33:09,68.0531,39.5131,58.73,87,100,29.3,light rain
335,Khani,GE,2022-08-11 04:33:09,41.9563,42.9566,63.97,50,1,2.91,clear sky
336,Gueret,FR,2022-08-11 04:33:10,46.1667,1.8667,57.81,51,0,3.18,clear sky
337,Vestmannaeyjar,IS,2022-08-11 04:33:10,63.4427,-20.2734,51.51,77,98,8.77,overcast clouds
338,Phuket,TH,2022-08-11 04:31:37,8.0,98.25,86.22,74,40,12.66,light rain
339,Riyadh,SA,2022-08-11 04:33:02,24.6877,46.7219,95.14,18,51,19.33,broken clouds
340,Kralendijk,BQ,2022-08-11 04:33:11,12.15,-68.2667,80.58,94,20,6.91,few clouds
341,Taree,AU,2022-08-11 04:31:18,-31.9,152.4667,63.1,54,94,5.86,overcast clouds
342,Antofagasta,CL,2022-08-11 04:33:12,-23.65,-70.4,56.48,83,13,1.92,few clouds
343,Le Pont-De-Claix,FR,2022-08-11 04:33:12,45.1244,5.7064,69.48,63,17,4.32,few clouds
344,Peniche,PT,2022-08-11 04:33:12,39.3558,-9.3811,63.45,94,36,7.63,scattered clouds
345,Husavik,IS,2022-08-11 04:33:13,66.0449,-17.3389,46.85,82,100,2.15,overcast clouds
346,Oussouye,SN,2022-08-11 04:33:13,12.485,-16.5469,79.11,85,99,6.15,overcast clouds
347,Auki,SB,2022-08-11 04:33:14,-8.7676,160.7034,82.17,76,28,1.9,scattered clouds
348,Teguise,ES,2022-08-11 04:33:14,29.0605,-13.564,70.02,68,100,8.05,overcast clouds
349,Santa Isabel,BR,2022-08-11 04:33:14,-23.3156,-46.2214,52.9,93,100,6.87,overcast clouds
350,Namibe,AO,2022-08-11 04:33:15,-15.1961,12.1522,59.99,89,3,2.75,clear sky
351,Iroquois Falls,CA,2022-08-11 04:33:15,48.7669,-80.6831,50.94,92,21,7.74,few clouds
352,Sur,OM,2022-08-11 04:30:44,22.5667,59.5289,92.91,51,100,13.51,overcast clouds
353,Yebaishou,CN,2022-08-11 04:33:15,41.3975,119.6408,87.19,37,20,2.77,few clouds
354,San Policarpo,PH,2022-08-11 04:33:16,12.1791,125.5072,84.0,74,14,6.33,few clouds
355,Mount Gambier,AU,2022-08-11 04:31:33,-37.8333,140.7667,57.56,62,65,9.86,broken clouds
356,Gorom-Gorom,BF,2022-08-11 04:33:16,14.4439,-0.2361,82.36,69,47,11.56,scattered clouds
357,Gucheng,CN,2022-08-11 04:33:17,35.9115,111.3192,89.02,57,97,5.03,overcast clouds
358,Isparta,TR,2022-08-11 04:33:17,38.0,31.0,64.06,75,24,9.46,few clouds
359,La Ronge,CA,2022-08-11 04:33:17,55.1001,-105.2842,64.62,72,0,4.61,clear sky
360,Itambe,BR,2022-08-11 04:33:18,-15.245,-40.6244,59.72,54,6,2.21,clear sky
361,Zhanaozen,KZ,2022-08-11 04:33:18,43.3,52.8,87.93,20,0,9.44,clear sky
362,Gladstone,AU,2022-08-11 04:33:18,-23.85,151.25,73.78,43,40,14.97,scattered clouds
363,Neyshabur,IR,2022-08-11 04:33:19,36.2133,58.7958,74.19,25,0,2.1,clear sky
364,Vila Franca Do Campo,PT,2022-08-11 04:33:19,37.7167,-25.4333,70.2,71,95,5.7,overcast clouds
365,Reyes,BO,2022-08-11 04:33:50,-14.3167,-67.3833,58.93,78,2,1.86,clear sky
366,Margate,GB,2022-08-11 04:33:50,51.3813,1.3862,67.3,95,0,3.0,clear sky
367,Fuyu,CN,2022-08-11 04:33:50,45.1833,124.8167,79.09,41,1,13.35,clear sky
368,Sinazongwe,ZM,2022-08-11 04:33:51,-17.2614,27.4618,63.14,43,0,3.58,clear sky
369,Lavrentiya,RU,2022-08-11 04:33:51,65.5833,-171.0,47.44,87,64,4.76,broken clouds
370,Northam,GB,2022-08-11 04:33:51,51.0333,-4.2167,61.39,60,0,6.6,clear sky
371,Pori,FI,2022-08-11 04:33:52,61.4833,21.7833,64.47,82,0,8.05,clear sky
372,Morehead,US,2022-08-11 04:33:52,37.2711,-87.1764,73.15,100,75,0.0,broken clouds
373,Narsaq,GL,2022-08-11 04:33:52,60.9167,-46.05,46.62,87,100,6.51,overcast clouds
374,Yulara,AU,2022-08-11 04:33:53,-25.2406,130.9889,62.62,25,73,7.85,broken clouds
375,Sept-Iles,CA,2022-08-11 04:33:02,50.2001,-66.3821,60.06,91,100,5.75,overcast clouds
376,Soria,ES,2022-08-11 04:33:53,41.6667,-2.6667,63.1,100,48,3.94,scattered clouds
377,Kutulik,RU,2022-08-11 04:33:53,53.3508,102.7839,67.77,64,93,2.19,light rain
378,Evensk,RU,2022-08-11 04:33:54,61.95,159.2333,53.98,93,100,1.39,light rain
379,Dwarka,IN,2022-08-11 04:33:54,22.2394,68.9678,84.97,77,100,8.75,overcast clouds
380,Nioaque,BR,2022-08-11 04:33:55,-21.1353,-55.83,50.32,86,8,3.87,clear sky
381,Manzanillo,CU,2022-08-11 04:33:55,20.3433,-77.1167,75.78,86,31,11.05,scattered clouds
382,Tobane,BW,2022-08-11 04:33:55,-21.95,27.9,54.48,71,0,2.59,clear sky
383,Damietta,EG,2022-08-11 04:33:55,31.4165,31.8133,78.12,73,0,4.41,clear sky
384,Plettenberg Bay,ZA,2022-08-11 04:33:56,-34.0527,23.3716,54.63,89,100,4.03,overcast clouds
385,Kenai,US,2022-08-11 04:33:56,60.5544,-151.2583,67.03,54,0,6.91,clear sky
386,Caldwell,US,2022-08-11 04:29:49,43.6629,-116.6874,80.67,59,0,4.61,haze
387,Morwell,AU,2022-08-11 04:31:15,-38.2333,146.4,58.33,63,100,6.02,overcast clouds
388,Aquin,HT,2022-08-11 04:33:57,18.2833,-73.4,78.66,82,6,1.03,clear sky
389,Srednekolymsk,RU,2022-08-11 04:33:57,67.45,153.6833,79.29,42,100,0.87,overcast clouds
390,Bartica,GY,2022-08-11 04:33:57,6.4,-58.6167,73.72,99,59,2.13,broken clouds
391,Bengkulu,ID,2022-08-11 04:33:58,-3.8004,102.2655,83.82,68,46,6.73,scattered clouds
392,Opunake,NZ,2022-08-11 04:33:58,-39.4556,173.8583,47.62,63,13,18.5,few clouds
393,Talnakh,RU,2022-08-11 04:33:14,69.4865,88.3972,51.21,53,68,9.28,broken clouds
394,Druskininkai,LT,2022-08-11 04:33:58,54.0167,23.9667,57.65,74,2,5.1,clear sky
395,Nagato,JP,2022-08-11 04:33:59,34.3833,131.2,87.84,65,100,12.71,overcast clouds
396,Cacoal,BR,2022-08-11 04:33:59,-11.4386,-61.4472,64.69,59,3,3.98,clear sky
397,Feldru,RO,2022-08-11 04:34:00,47.2833,24.6,60.71,73,40,5.12,scattered clouds
398,Karkal,IN,2022-08-11 04:34:00,13.2,74.9833,82.22,83,92,8.37,overcast clouds
399,Fort Abbas,PK,2022-08-11 04:34:00,29.1925,72.8536,96.46,42,19,16.93,few clouds
400,Garmsar,IR,2022-08-11 04:34:01,35.2182,52.3409,85.64,29,2,10.47,clear sky
401,Baillif,GP,2022-08-11 04:34:01,16.0202,-61.7463,77.65,82,37,12.82,scattered clouds
402,Hamilton,US,2022-08-11 04:30:08,39.1834,-84.5333,72.66,91,0,6.91,mist
403,Nicoya,CR,2022-08-11 04:34:01,10.1483,-85.452,74.14,94,96,2.39,overcast clouds
404,Pavlogradka,RU,2022-08-11 04:34:02,54.2024,73.5592,74.48,64,72,13.27,light rain
405,Havelock,US,2022-08-11 04:34:02,34.8791,-76.9013,84.18,86,0,6.91,clear sky
406,Borogontsy,RU,2022-08-11 04:34:03,62.6683,131.1683,74.34,48,96,3.11,overcast clouds
407,Kailua,US,2022-08-11 04:34:03,21.4022,-157.7394,85.98,75,40,13.8,scattered clouds
408,Upernavik,GL,2022-08-11 04:34:03,72.7868,-56.1549,40.6,87,100,3.42,overcast clouds
409,Kudahuvadhoo,MV,2022-08-11 04:34:04,2.6708,72.8944,81.68,73,10,2.39,clear sky
410,Ponta Do Sol,PT,2022-08-11 04:34:34,32.6667,-17.1,69.71,87,19,3.4,few clouds
411,Spitsevka,RU,2022-08-11 04:34:35,45.1231,42.5125,72.01,45,0,15.61,clear sky
412,Kununurra,AU,2022-08-11 04:34:35,-15.7667,128.7333,85.98,23,1,12.66,clear sky
413,Inuvik,CA,2022-08-11 04:34:35,68.3499,-133.7218,52.56,82,100,3.44,overcast clouds
414,Najran,SA,2022-08-11 04:34:35,17.4924,44.1277,83.05,35,86,7.25,overcast clouds
415,Quesnel,CA,2022-08-11 04:30:10,52.9999,-122.5029,70.3,56,0,0.0,clear sky
416,Korla,CN,2022-08-11 04:34:36,41.7597,86.1469,93.78,23,73,20.22,broken clouds
417,Cayenne,GF,2022-08-11 04:30:06,4.9333,-52.3333,79.09,1,25,7.83,scattered clouds
418,Sibolga,ID,2022-08-11 04:34:37,1.7427,98.7792,86.65,54,73,5.55,broken clouds
419,Rorvik,NO,2022-08-11 04:34:37,64.8621,11.2373,55.51,94,75,20.71,broken clouds
420,La Asuncion,VE,2022-08-11 04:34:37,11.0333,-63.8628,65.93,100,100,2.3,overcast clouds
421,Tiksi,RU,2022-08-11 04:34:38,71.6872,128.8694,52.3,65,100,1.92,overcast clouds
422,Riverton,US,2022-08-11 04:34:38,40.5219,-111.9391,74.44,67,0,12.66,clear sky
423,Alice Springs,AU,2022-08-11 04:29:58,-23.7,133.8833,56.75,82,100,0.0,overcast clouds
424,Nabire,ID,2022-08-11 04:34:38,-3.3667,135.4833,77.29,86,100,1.03,overcast clouds
425,Yarmouth,US,2022-08-11 04:34:39,41.7057,-70.2286,71.74,86,100,3.44,overcast clouds
426,Vengerovo,RU,2022-08-11 04:34:39,55.6848,76.7471,76.05,62,35,9.53,scattered clouds
427,Kirovskiy,RU,2022-08-11 04:34:39,45.0917,133.5136,80.22,53,94,12.53,overcast clouds
428,Akonolinga,CM,2022-08-11 04:34:40,3.7667,12.25,67.64,98,100,4.25,overcast clouds
429,Kingman,US,2022-08-11 04:31:31,35.1894,-114.053,82.18,56,0,12.66,clear sky
430,Henties Bay,NA,2022-08-11 04:34:40,-22.116,14.2845,51.58,90,3,2.33,clear sky
431,Saint Anthony,US,2022-08-11 04:34:41,45.0205,-93.218,73.8,67,0,6.91,clear sky
432,Oxford,GB,2022-08-11 04:34:41,51.7522,-1.256,59.77,86,0,0.0,clear sky
433,Maragogi,BR,2022-08-11 04:34:41,-9.0122,-35.2225,70.95,89,21,2.64,few clouds
434,Oktyabrskoye,RU,2022-08-11 04:34:42,43.0645,44.7417,64.54,88,0,4.47,clear sky
435,Benguela,AO,2022-08-11 04:34:42,-12.5763,13.4055,64.96,89,30,4.45,scattered clouds
436,Layou,VC,2022-08-11 04:34:42,13.2,-61.2667,77.88,82,64,9.01,broken clouds
437,Chifeng,CN,2022-08-11 04:34:43,42.2683,118.9636,83.97,40,51,0.51,broken clouds
438,Nogliki,RU,2022-08-11 04:34:43,51.8333,143.1667,62.02,77,64,8.68,broken clouds
439,Genhe,CN,2022-08-11 04:34:43,50.7833,121.5167,65.86,47,96,6.76,overcast clouds
440,Knysna,ZA,2022-08-11 04:34:44,-34.0363,23.0471,54.37,93,98,4.18,overcast clouds
441,Taltal,CL,2022-08-11 04:34:44,-25.4,-70.4833,56.77,76,55,1.86,broken clouds
442,Kirakira,SB,2022-08-11 04:34:44,-10.4544,161.9205,81.39,84,45,8.1,scattered clouds
443,Saquarema,BR,2022-08-11 04:34:45,-22.92,-42.5103,64.81,60,42,19.62,scattered clouds
444,Saint-Francois,FR,2022-08-11 04:34:45,46.4154,3.9054,54.68,82,0,2.3,clear sky
445,Tabas,IR,2022-08-11 04:34:45,33.5959,56.9244,89.67,18,0,3.71,clear sky
446,Kloulklubed,PW,2022-08-11 04:34:46,7.0419,134.2556,81.1,67,33,2.01,scattered clouds
447,Sosnovo-Ozerskoye,RU,2022-08-11 04:34:46,52.5249,111.5418,68.07,50,75,6.11,light rain
448,Voyvozh,RU,2022-08-11 04:34:46,62.892,54.9635,55.53,90,100,9.08,overcast clouds
449,Rahimatpur,IN,2022-08-11 04:34:47,17.6,74.2,72.52,89,100,17.09,overcast clouds
450,Chany,RU,2022-08-11 04:34:47,55.3121,76.7647,77.59,54,52,11.86,broken clouds
451,Aden,YE,2022-08-11 04:34:47,12.7794,45.0367,83.12,77,93,17.16,overcast clouds
452,Coahuayana,MX,2022-08-11 04:34:48,18.7333,-103.6833,78.42,87,100,3.13,overcast clouds
453,Norsup,VU,2022-08-11 04:34:48,-16.0667,167.3833,76.24,68,74,17.4,broken clouds
454,Sergeyevka,KZ,2022-08-11 04:34:48,53.88,67.4158,74.16,61,19,8.52,few clouds
455,Presidencia Roque Saenz Pena,AR,2022-08-11 04:34:49,-26.7852,-60.4388,49.14,83,100,6.96,overcast clouds
456,Kilindoni,TZ,2022-08-11 04:34:49,-7.9139,39.6668,76.8,72,45,13.0,scattered clouds
457,Ransang,PH,2022-08-11 04:34:49,8.9603,117.5828,86.52,66,57,4.59,broken clouds
458,Prattville,US,2022-08-11 04:35:20,32.464,-86.4597,72.91,93,0,6.91,clear sky
459,Monte Patria,CL,2022-08-11 04:35:20,-30.6919,-70.9467,59.4,33,99,1.9,overcast clouds
460,Awbari,LY,2022-08-11 04:35:21,26.5921,12.7805,80.19,32,1,9.1,clear sky
461,Alta Floresta,BR,2022-08-11 04:35:21,-9.8756,-56.0861,68.72,61,32,4.29,scattered clouds
462,Atocha,BO,2022-08-11 04:35:21,-20.9333,-66.2333,36.52,10,0,6.04,clear sky
463,Lubao,PH,2022-08-11 04:35:22,14.9167,120.55,91.11,61,100,5.95,overcast clouds
464,Grand-Santi,GF,2022-08-11 04:35:22,4.25,-54.3833,72.72,96,93,2.77,overcast clouds
465,Sterlitamak,RU,2022-08-11 04:35:22,53.6246,55.9502,75.51,62,14,1.14,few clouds
466,Daru,PG,2022-08-11 04:35:22,-9.0763,143.2092,79.97,76,81,16.31,broken clouds
467,Key West,US,2022-08-11 04:35:11,24.5557,-81.7826,87.8,72,20,12.66,few clouds
468,Tubigan,PH,2022-08-11 04:35:23,8.5322,124.3122,85.89,68,64,6.15,broken clouds
469,Nadym,RU,2022-08-11 04:35:23,65.5333,72.5167,60.93,49,67,10.45,broken clouds
470,Flores,GT,2022-08-11 04:35:24,16.9226,-89.8994,73.85,96,100,2.19,overcast clouds
471,Gamba,GA,2022-08-11 04:35:24,-2.65,10.0,68.77,95,45,3.24,scattered clouds
472,Kutum,SD,2022-08-11 04:35:24,14.2,24.6667,70.54,81,98,3.96,light rain
473,Kayes,ML,2022-08-11 04:35:25,14.0,-11.0,75.74,93,100,5.1,overcast clouds
474,Acajutla,SV,2022-08-11 04:35:25,13.5928,-89.8275,77.22,82,100,3.69,light rain
475,Port Hueneme,US,2022-08-11 04:33:18,34.1478,-119.1951,83.79,73,0,4.61,clear sky
476,Kruisfontein,ZA,2022-08-11 04:35:26,-34.0033,24.7314,51.15,91,97,2.42,overcast clouds
477,Kombissiri,BF,2022-08-11 04:35:26,12.0656,-1.3375,75.18,89,50,8.05,scattered clouds
478,Ocean City,US,2022-08-11 04:35:26,39.2776,-74.5746,77.18,91,54,4.0,light rain
479,Oriximina,BR,2022-08-11 04:35:27,-1.7656,-55.8661,75.13,51,89,4.65,overcast clouds
480,Puerto Del Rosario,ES,2022-08-11 04:35:27,28.5004,-13.8627,73.15,68,100,11.5,overcast clouds
481,Sungaipenuh,ID,2022-08-11 04:35:27,-2.0833,101.3833,81.18,57,77,2.82,broken clouds
482,Westport,US,2022-08-11 04:35:28,41.1415,-73.3579,76.55,92,75,5.75,broken clouds
483,Quatre Cocos,MU,2022-08-11 04:35:28,-20.2078,57.7625,71.1,69,91,21.36,light rain
484,Adrar,MR,2022-08-11 04:35:28,20.5022,-10.0711,89.11,33,82,6.13,broken clouds
485,Gat,IL,2022-08-11 04:32:01,31.61,34.7642,77.68,100,4,2.13,clear sky
486,Goiatuba,BR,2022-08-11 04:35:29,-18.0125,-49.3547,51.01,57,94,5.59,overcast clouds
487,Ponnani,IN,2022-08-11 04:35:29,10.767,75.9252,79.92,83,89,10.04,overcast clouds
488,Algeciras,ES,2022-08-11 04:35:29,36.1333,-5.4505,74.88,78,75,5.75,broken clouds
489,Moindou,NC,2022-08-11 04:35:30,-21.6924,165.677,69.19,56,2,17.81,clear sky
490,Keti Bandar,PK,2022-08-11 04:35:30,24.1447,67.4497,82.31,89,100,12.53,overcast clouds
491,Sokoto,NG,2022-08-11 04:35:30,13.0609,5.239,78.22,77,87,10.31,overcast clouds
492,Biak,ID,2022-08-11 04:31:28,-0.9131,122.8766,80.2,82,55,4.74,broken clouds
493,Puqi,CN,2022-08-11 04:35:31,29.7167,113.8833,101.32,36,94,6.98,overcast clouds
494,Rawson,AR,2022-08-11 04:35:31,-43.3002,-65.1023,47.17,61,26,9.37,scattered clouds
495,Binzhou,CN,2022-08-11 04:35:32,37.3667,118.0167,81.32,80,90,7.47,overcast clouds
496,Maryborough,AU,2022-08-11 04:35:32,-25.5333,152.7,69.12,49,79,7.34,broken clouds
497,Contai,IN,2022-08-11 04:35:32,21.7786,87.7536,78.71,90,100,12.35,light rain
498,Ishigaki,JP,2022-08-11 04:35:11,24.3448,124.1572,89.73,70,20,5.75,few clouds
499,Beira,MZ,2022-08-11 04:32:03,-19.8436,34.8389,67.19,89,2,3.74,clear sky
500,Fairlie,GB,2022-08-11 04:35:33,55.756,-4.8556,52.39,79,4,2.06,clear sky
501,Dunedin,NZ,2022-08-11 04:35:07,-45.8742,170.5036,45.81,63,55,1.99,broken clouds
502,Praia Da Vitoria,PT,2022-08-11 04:35:33,38.7333,-27.0667,70.05,83,75,9.86,broken clouds
503,Solnechnyy,RU,2022-08-11 04:35:34,50.7214,136.6319,64.33,80,78,2.55,broken clouds
504,Santa Lucia,ES,2022-08-11 04:36:04,27.9117,-15.5407,63.72,73,75,18.41,broken clouds
505,Piet Retief,ZA,2022-08-11 04:36:04,-27.0071,30.8132,46.58,42,0,3.62,clear sky
506,Matera,IT,2022-08-11 04:36:05,40.5,16.4167,69.33,73,45,7.85,scattered clouds
507,Nanortalik,GL,2022-08-11 04:36:05,60.1432,-45.2371,44.15,99,100,2.84,light rain
508,Ribeira Brava,PT,2022-08-11 04:36:05,32.65,-17.0667,69.71,87,14,2.62,few clouds
509,Lahaina,US,2022-08-11 04:36:06,20.8783,-156.6825,84.2,87,45,12.86,scattered clouds
510,Mwense,ZM,2022-08-11 04:36:06,-10.3845,28.698,59.86,54,4,4.03,clear sky
511,Verkhnyaya Inta,RU,2022-08-11 04:36:07,65.9811,60.3094,61.88,56,97,0.96,overcast clouds
512,Greenfield,US,2022-08-11 04:36:07,42.9614,-88.0126,74.68,78,40,5.75,scattered clouds
513,Buenos Aires,AR,2022-08-11 04:32:03,-34.6132,-58.3772,53.33,76,0,11.5,clear sky
514,San Blas,MX,2022-08-11 04:36:07,21.5167,-105.2667,79.52,87,57,3.11,broken clouds
515,Dali,CN,2022-08-11 04:36:08,25.7,100.1833,79.43,49,49,2.53,scattered clouds
516,San Carlos De Bariloche,AR,2022-08-11 04:33:08,-41.1456,-71.3082,37.15,87,0,9.22,clear sky
517,Komsomolskiy,UZ,2022-08-11 04:36:08,40.4272,71.7189,81.32,26,5,6.91,clear sky
518,Kariba,ZW,2022-08-11 04:36:09,-16.5167,28.8,56.89,72,0,0.0,clear sky
519,Nalut,LY,2022-08-11 04:36:09,30.3333,10.85,76.95,51,0,10.51,clear sky
520,Dukat,RU,2022-08-11 04:36:09,62.55,155.55,56.91,66,100,7.7,overcast clouds
521,Diamantino,BR,2022-08-11 04:36:10,-14.4086,-56.4461,57.74,57,99,3.51,overcast clouds
522,Bathsheba,BB,2022-08-11 04:36:10,13.2167,-59.5167,83.01,83,75,9.22,broken clouds
523,Jaffna,LK,2022-08-11 04:36:10,9.6685,80.0074,84.13,69,95,14.03,overcast clouds
524,Cocula,MX,2022-08-11 04:36:11,20.3652,-103.8222,64.74,93,97,2.1,overcast clouds
525,Didao,CN,2022-08-11 04:36:11,45.3667,130.8,78.91,47,43,10.87,scattered clouds
526,Taoudenni,ML,2022-08-11 04:36:11,22.6783,-3.9836,95.22,16,3,3.22,clear sky
527,Sal Rei,CV,2022-08-11 04:36:12,16.1833,-22.9167,76.95,81,68,10.78,broken clouds
528,San Vicente,AR,2022-08-11 04:31:35,-26.6167,-54.1333,43.21,97,53,3.44,broken clouds
529,Ipixuna,BR,2022-08-11 04:36:12,-1.7625,-48.8043,72.5,94,93,3.31,overcast clouds
530,Mangrol,IN,2022-08-11 04:33:06,21.1167,70.1167,80.53,90,100,22.44,overcast clouds
531,Leua,SK,2022-08-11 04:36:13,48.2156,18.6071,63.5,52,54,3.4,broken clouds
532,Zhangjiakou,CN,2022-08-11 04:36:13,40.81,114.8794,85.8,49,0,3.53,clear sky
533,Poronaysk,RU,2022-08-11 04:36:14,49.2167,143.1167,70.48,71,52,15.66,broken clouds
534,Livno,BA,2022-08-11 04:36:14,43.8269,17.0078,61.02,68,20,7.05,few clouds
535,Luwuk,ID,2022-08-11 04:36:14,-0.9516,122.7875,82.13,85,63,3.53,broken clouds
536,Geraldton,AU,2022-08-11 04:36:15,-28.7667,114.6,63.01,55,0,16.11,clear sky
537,Gvardeysk,RU,2022-08-11 04:36:15,54.6477,21.0651,50.05,70,71,2.62,broken clouds
538,Andenes,NO,2022-08-11 04:36:15,69.3143,16.1194,53.92,87,75,20.71,moderate rain
539,Tahe,CN,2022-08-11 04:36:16,52.3333,124.7333,65.75,62,99,6.6,light rain
540,Ozernovskiy,RU,2022-08-11 04:36:16,51.5,156.5167,62.2,77,16,11.27,few clouds
541,Zhigansk,RU,2022-08-11 04:36:16,66.7697,123.3711,66.29,59,68,18.45,broken clouds
542,Mbandaka,CD,2022-08-11 04:36:17,0.0487,18.2603,70.32,83,61,3.51,broken clouds
543,Aksha,RU,2022-08-11 04:36:17,50.2814,113.2867,68.0,49,100,10.8,overcast clouds
544,Faya,SA,2022-08-11 04:36:18,18.3851,42.4509,64.92,72,90,3.44,overcast clouds
545,Aswan,EG,2022-08-11 04:36:18,24.0934,32.907,90.52,25,35,15.79,scattered clouds
546,Mengyin,CN,2022-08-11 04:36:18,35.7069,117.9264,87.73,71,100,8.97,moderate rain
547,Agadir,MA,2022-08-11 04:36:19,30.4202,-9.5982,68.45,84,0,4.07,clear sky
548,Ovalle,CL,2022-08-11 04:35:51,-30.5983,-71.2003,56.07,60,95,0.87,overcast clouds
549,Kargopol,RU,2022-08-11 04:35:10,61.5071,38.9456,61.45,66,97,8.39,overcast clouds
550,Brigantine,US,2022-08-11 04:36:49,39.4101,-74.3646,77.2,90,20,3.44,moderate rain
551,Pangnirtung,CA,2022-08-11 04:36:50,66.1451,-65.7125,42.51,90,57,0.22,broken clouds
552,Edd,ER,2022-08-11 04:36:50,13.9297,41.6925,86.0,70,100,11.1,light rain
553,Nishihara,JP,2022-08-11 04:36:50,26.1842,127.7558,87.46,77,75,5.75,mist
554,Izobilnyy,RU,2022-08-11 04:36:50,45.3741,41.7121,72.72,44,18,16.4,few clouds
555,Butterworth,MY,2022-08-11 04:36:51,5.3991,100.3638,89.65,70,20,8.05,haze
556,Cravo Norte,CO,2022-08-11 04:36:51,6.3017,-70.2041,71.92,96,86,1.12,overcast clouds
557,Marau,BR,2022-08-11 04:36:52,-28.4492,-52.2,41.36,98,34,3.33,scattered clouds
